rDeath_M,rBirth_M,pop_m0,r_bitingrate,symptChik,pChikHtM,pChikMtH,humanRecChik,HRChik,pDenHtM,pDenMtH,humanRecDen,symptDenPrim,symptDenSecond,HRDen,limRepeatInfDen,iniInfHAsympChik,inInfHSymptChik,iniInfMChik,iniInfHAsympDen,inInfHSymptDen,iniInfMDen,GOF Error
0.30363,0.25011,9.52E+06,1.6778,0.020217,0.28634,0.57624,0.3152,1.528,0.66853,0.10002,0.34324,0.26825,0.32353,3.8062,0.32157,5000,490.35,16342,1753.9,1356.1,11068,14345
0.056486,0.001567,4.01E+06,0.85934,0.031188,0.56915,0.89974,0.3001,1.5034,0.2787,0.28809,0.69994,0.96835,0.99995,6.6679,0.68377,2542.9,1537,3200.8,2045.6,1025.5,6371.2,14445
0.051195,0.00043921,4.11E+06,1.4455,0.015952,0.76375,0.17578,0.302,1.5048,0.20215,0.10871,0.30012,0.97573,0.99849,3.4536,0.0030925,3042.6,2410.5,11432,2697,804.74,12959,14551
0.059301,0.0044174,5.99E+06,1.6604,0.018295,0.45628,0.19798,0.30177,1.5067,0.23723,0.1,0.69999,6.24E-06,0.86445,6.6791,0.63118,3906.1,4999.9,12226,3407.9,50.599,9960.1,15094
0.1084,0.054217,1.87E+07,1.3998,0.016037,0.22975,0.71495,0.30004,1.5003,0.89663,0.11316,0.68318,0.13118,0.97519,6.5703,0.018208,3581.4,4999.8,10678,1946.7,1234.7,19811,15192
0.065842,0.015595,7.35E+06,1.2576,0.026863,0.2217,0.89999,0.30004,1.5021,0.88327,0.1,0.69072,0.15255,0.30275,6.6227,0.00079976,1735.5,4913,18780,3976.1,2103.7,18933,15193
0.27125,0.21919,9.72E+06,1.1387,0.019148,0.41169,0.89999,0.30001,1.5029,0.24677,0.28666,0.30001,0.52826,0.52829,3.4555,0.92882,4995.7,762.99,5735.4,2571.5,0.72674,15389,15291
0.051589,0.00086019,5.87E+06,1.6586,0.028227,0.19562,0.89991,0.48352,1.8093,0.16071,0.11775,0.69999,0.22722,0.4203,6.6901,0.78443,3888.6,2808.9,792.83,3510.9,654.02,17034,15408
0.056862,1.37E-05,1.07E+07,1.5924,0.024741,0.17778,0.75639,0.30011,1.5036,0.1316,0.14309,0.30015,0.99953,0.99974,3.4578,0.049364,2565,3478.1,2655.7,3297.1,5000,11402,15462
0.048282,0.00035742,2.97E+06,1.9852,0.01855,0.52436,0.19995,0.36688,1.6141,0.11268,0.13117,0.45975,0.99892,0.99925,4.7548,0.13414,1373,255.05,5307.3,40.874,2011.9,12490,15570
0.99999,0.95648,1.20E+07,4.4783,0.021722,0.10831,0.64175,0.68934,2.1533,0.53773,0.11524,0.69999,0.085402,0.086415,6.6654,0.31808,4616.2,4842.5,18195,1033.4,4936.4,14945,15574
0.047817,0.00054673,3.82E+06,0.72463,0.022368,0.81965,0.75847,0.3,1.5016,0.1936,0.47008,0.47964,0.9725,0.9725,4.9086,0.31888,3354.8,1418.5,12879,1734.1,1636.4,17014,15699
0.47206,0.42164,1.06E+07,1.8877,0.015941,0.36154,0.43879,0.3,1.5027,0.65227,0.1,0.46199,0.15034,0.15034,4.7666,0.98595,2350.8,3706.9,9953.3,3604.4,4876.9,9619.8,15774
0.30008,0.25267,1.14E+07,3.6209,0.014369,0.18864,0.2439,0.45025,1.755,0.22968,0.18134,0.69378,0.3256,0.38278,6.6364,4.39E-06,2224.4,4614.4,497.98,2088.4,2295.9,13450,15914
0.19086,0.14089,8.84E+06,1.1664,0.016028,0.54976,0.52916,0.32254,1.5405,0.19112,0.7587,0.41697,0.9846,0.98509,4.4137,0.069522,3997.1,716.94,10882,1451.2,4.0707,15715,15992
0.059861,0.00039665,8.58E+06,1.524,0.02432,0.29263,0.50208,0.69999,2.1678,0.10888,0.16079,0.43615,0.9998,0.9998,4.5441,0.64278,4999.7,3504.5,20000,2.2737,351.95,11088,16125
0.050682,2.66E-07,2.50E+06,1.9343,0.049411,0.19622,0.70874,0.3,1.5021,0.29125,0.10001,0.69994,0.75769,0.99883,6.6879,5.69E-05,526.12,254.44,1534,2568.7,2826,6831.5,16385
0.54653,0.48786,3.24E+07,2.2989,0.018873,0.11351,0.89998,0.30001,1.4929,0.17563,0.28138,0.37505,0.44537,0.44583,4.0694,0.69903,4726.7,4999.8,19018,2346.4,1637.3,15339,16446
0.064253,0.015093,1.75E+06,2.5468,0.079188,0.12139,0.30925,0.30246,1.5055,0.17742,0.1,0.69998,0.99999,0.99999,6.6963,0.13613,4724,3319.5,16119,106.34,676.17,5878.5,16606
0.060482,1.30E-05,1.78E+07,2.2652,0.018728,0.14297,0.5663,0.69978,2.1424,0.1,0.1,0.7,0.34651,0.79049,6.6814,0.86302,2242.2,4499.7,12410,4971.2,1367.1,11480,16682
0.048334,5.86E-06,1.01E+06,1.2701,0.071177,0.44683,0.30563,0.30011,1.5011,0.34525,0.10001,0.69996,0.96192,0.99983,6.7062,0.57751,1851.4,1916.1,15956,3400.4,250.71,4143.2,16695
0.048334,5.86E-06,1.01E+06,1.2701,0.071177,0.44683,0.30563,0.30011,1.5011,0.34525,0.10001,0.69996,0.96192,0.99983,6.7062,0.57751,1851.4,1916.1,15956,3400.4,250.71,4143.2,16695
0.053554,0.001985,7.98E+06,1.1322,0.01407,0.70259,0.41231,0.50233,1.7979,0.84664,0.1,0.7,0.07265,0.47459,6.664,0.11457,873.36,2652.6,10028,1054.3,2644.4,17903,16717
0.69851,0.64144,1.37E+07,2.4087,0.022648,0.18826,0.68029,0.38245,1.6407,0.13296,0.52544,0.3,0.99995,1,3.4498,0.26361,4182.9,2183.5,16838,2.7962,123.65,17455,16787
0.058744,5.44E-07,1.08E+07,0.92768,0.017643,0.60251,0.51879,0.30001,1.5033,0.88865,0.10088,0.46313,0.35908,0.43025,4.7786,0.0087861,1366.1,1912.6,8068.7,2519.7,249.23,13228,16838
0.060287,0.00039186,2.22E+07,2.3266,0.019457,0.1,0.54456,0.33338,1.5596,0.14554,0.12016,0.59839,0.43527,0.85658,5.8642,0.074096,600.15,4790.7,13932,436.6,4999.9,17603,17112
0.40203,0.34436,8.66E+06,3.0477,0.035009,0.10766,0.52311,0.35113,1.5928,0.27212,0.10096,0.3,0.58721,0.70081,3.4434,0.16842,2041,3395.5,8018.5,2866.9,1.4813,9642.1,17113
0.060769,5.27E-06,2.82E+07,1.7232,0.020661,0.1,0.9,0.30003,1.5034,0.11123,0.13519,0.44159,0.41764,0.62952,4.6044,0.49904,4922.3,5000,14711,4251.6,5000,17665,17176
0.049259,0.00015399,3.99E+06,1.716,0.064297,0.10001,0.89981,0.30296,1.506,0.19385,0.10001,0.37369,0.62424,0.92633,4.0592,4.33E-06,3311.3,4074.6,17237,2344.5,2650.9,16779,17477
0.058667,0.0053862,5.78E+06,1.4682,0.018599,0.46403,0.55008,0.7,2.1732,0.10023,0.29569,0.7,0.64576,0.64576,6.6565,0.83617,4451,4938.3,214.02,3067,2112.7,7895.4,17512
0.062225,6.33E-08,8.14E+06,1.0174,0.02333,0.5604,0.48412,0.30001,1.5039,0.36504,0.1294,0.69999,0.70152,0.7016,6.7714,0.99997,561.86,4999.9,1353.9,2210.8,189.95,5980.1,17587
0.87536,0.82775,1.80E+07,2.7649,0.019003,0.16825,0.89997,0.59016,1.9897,0.70158,0.26365,0.69385,0.016595,0.99998,6.6161,0.086887,1517.6,3563.4,9107.2,4963.8,4239.8,8527.6,17703
0.063819,0.005837,1.60E+07,2.5799,0.015339,0.18148,0.23276,0.3,1.5021,0.12988,0.10174,0.64015,0.31481,0.44859,6.1626,0.28825,3545,4999.9,4546.2,4013,4495.9,14954,18124
0.073401,0.008737,2.92E+07,2.0928,0.020737,0.1,0.58881,0.3,1.5023,0.1361,0.15723,0.47003,1,1,4.8276,6.71E-06,956.74,3958.6,17010,1914.2,1941.1,12756,18201
0.079805,0.017554,1.28E+07,0.94012,0.019479,0.50159,0.61042,0.30009,1.5037,0.3996,0.2424,0.48244,0.99877,0.99988,4.9247,0.17211,4999.6,1720.7,7739.7,4999.9,2655.1,5036.9,18244
0.071496,0.0057186,6.76E+06,1.7524,0.081534,0.1,0.74931,0.30002,1.5028,0.35797,0.1,0.69998,0.99992,1,6.6611,0.23496,3176,1742,3529.7,4999.9,3695.1,1744.2,18367
0.22888,0.16469,1.09E+07,1.633,0.01925,0.61987,0.21264,0.5257,1.8826,0.89987,0.14276,0.57934,0.8645,0.99759,5.6945,0.0065441,4999.7,4999.7,19999,5000,3499.8,396.24,18447
0.075672,0.020999,1.22E+07,1.6638,0.01294,0.51468,0.1596,0.30002,1.503,0.10002,0.17272,0.52984,0.4728,0.54354,5.2967,0.96164,4574.9,1883,13680,6.9497,4946.5,14989,18475
0.63404,0.57346,2.26E+07,1.6009,0.022411,0.36755,0.89999,0.69992,2.1746,0.65663,0.28888,0.32494,0.52403,0.53096,3.6577,0.062794,4632.5,4102.1,15918,4988.4,577.06,9478.5,18547
0.67089,0.62342,1.95E+06,3.7472,0.050833,0.16539,0.27003,0.30003,1.4742,0.24292,0.13893,0.30001,1,1,3.4787,0.095439,4917.1,3501.2,17646,1302.5,244.91,5948.5,18624
0.061358,0.0015564,3.02E+07,1.5107,0.015499,0.17895,0.61323,0.30002,1.5029,0.1,0.24736,0.31871,0.86246,0.86264,3.6013,0.00062582,4999.7,4999.9,11207,4999.7,4999.8,20000,18631
0.060148,5.86E-07,1.95E+07,2.3627,0.020648,0.1,0.67807,0.5204,1.8482,0.25159,0.10003,0.69726,0.23231,0.23232,6.601,0.0019513,3270.1,4992.1,9561.8,4484.5,2836.5,15526,18701
0.23992,0.17806,2.97E+07,1.258,0.017757,0.24964,0.89463,0.30888,1.5183,0.5045,0.18649,0.30001,0.28471,0.97699,3.4651,0.18724,2179,2218.5,15464,106.98,1192.9,16817,18724
0.046081,1.39E-05,3.10E+06,1.4156,0.02653,0.36158,0.56961,0.30358,1.5081,0.13057,0.16448,0.69999,1.90E-06,0.80117,6.6928,1,220.69,4996.9,10760,3585.5,166.93,13388,19048
0.66112,0.66532,2.95E+06,3.0114,0.011516,0.31282,0.39276,0.39664,1.6651,0.25929,0.55734,0.69998,0.024356,0.026839,6.6589,0.089607,3653.4,2262.8,3415.8,421.49,3347.6,19600,19149
0.26602,0.2026,6.52E+06,1.5267,0.087813,0.13048,0.89999,0.3,1.4418,0.42074,0.10795,0.3,0.99986,0.99995,3.4476,0.70527,3633.4,4272.1,17024,62.026,1345.1,3551.4,19209
0.51566,0.46826,3.50E+07,2.8364,0.015894,0.1,0.88577,0.5051,1.8471,0.13279,0.89973,0.69999,0.22758,0.76195,6.667,0.004411,4469.2,4986.5,5314.4,1337.9,5000,18572,19370
0.059943,2.19E-05,8.52E+06,0.70035,0.032459,0.47834,0.86181,0.3,1.4992,0.69973,0.32006,0.61894,0.70906,0.70907,6.0251,2.82E-05,3779.3,2868.8,14415,52.523,2.6395,10531,19448
0.07973,0.020594,2.25E+07,2.129,0.012833,0.29139,0.17585,0.3529,1.5859,0.22205,0.12235,0.67064,0.32887,0.46179,6.4443,0.14398,532.9,5000,15644,3152.2,1788.4,17261,19573
0.52334,0.46217,9.29E+06,2.0563,0.0178,0.65625,0.17541,0.31374,1.4649,0.63099,0.10015,0.49114,0.54809,0.54811,4.9465,1,3613.3,951.33,8267.3,0.79394,693.22,3653.8,19655
0.060259,5.25E-05,1.68E+07,0.94778,0.022049,0.30199,0.89469,0.30478,1.5033,0.78956,0.1,0.61118,0.12446,0.12449,5.9761,0.43645,2522.2,2737.7,12254,1725.5,847.12,20000,19767
0.061534,1.80E-09,3.08E+07,3.2124,0.01429,0.1007,0.37559,0.69996,2.1701,0.10868,0.10105,0.69142,0.67681,0.81575,6.5331,3.61E-05,4928.2,4459.9,19638,1441.6,111.84,17993,19782
0.17829,0.10599,1.75E+07,1.3932,0.035083,0.21537,0.56161,0.30001,1.5026,0.89987,0.1,0.37346,0.96868,0.99992,4.0321,0.007402,4774.3,4952.6,17536,1564.2,6.5775,3691,20152
0.10742,0.04438,3.26E+07,0.68112,0.014327,0.59087,0.89996,0.30002,1.5035,0.50888,0.50768,0.42922,0.7522,0.99313,4.5021,0.018369,4823.5,4999.8,9739.7,4463.8,1724.1,12497,20246
0.064967,3.32E-05,3.10E+07,2.5966,0.018166,0.1,0.60895,0.57364,1.9629,0.15807,0.10001,0.59074,0.55711,0.55713,5.795,1.11E-05,2753.3,552.91,3008.9,1183.3,133.77,17649,20249
0.058599,0.00029503,1.64E+07,2.397,0.014429,0.23032,0.26909,0.30002,1.5013,0.10739,0.1,0.48091,0.31081,0.87218,4.8848,0.27072,1306.3,137.35,1102.9,4397.6,4514.2,15561,20528
0.83702,0.78689,3.76E+07,2.1676,0.014333,0.17841,0.9,0.3,1.5034,0.50566,0.62531,0.68793,0.18593,0.18835,6.5727,0.0030179,4684.1,887.81,4576.9,3519.8,4082.9,16400,20800
0.83702,0.78689,3.76E+07,2.1676,0.014333,0.17841,0.9,0.3,1.5034,0.50566,0.62531,0.68793,0.18593,0.18835,6.5727,0.0030179,4684.1,887.81,4576.9,3519.8,4082.9,16400,20800
0.071467,2.76E-06,3.36E+07,1.5564,0.026393,0.11765,0.9,0.3,1.5036,0.22577,0.10005,0.33348,0.99893,0.99996,3.7304,0.14074,891.63,4772.1,1097.6,194.13,1159.3,9958.5,20819
0.24984,0.19434,2.93E+07,2.9911,0.013323,0.15949,0.26608,0.3,1.5033,0.20633,0.1,0.69999,0.12415,0.1938,6.6921,0.99998,301.92,4869.7,3702.5,4746.3,4799.5,13387,20977
0.11684,0.055559,5.01E+07,1.0268,0.013728,0.26788,0.9,0.3,1.5035,0.2453,0.73698,0.7,0.37106,1,6.6684,0.11608,4302.8,5000,14777,4987.5,4999.5,17031,20978
0.069618,8.46E-06,3.12E+07,1.5187,0.018732,0.20292,0.5022,0.36718,1.6167,0.53212,0.10537,0.7,0.62497,0.62497,6.8039,2.44E-05,4509.1,1465.3,18271,4842.9,245.62,7712.1,21074
0.47749,0.41107,2.46E+07,0.87867,0.018471,0.64857,0.88621,0.30002,1.5023,0.51296,0.75455,0.60517,0.99477,0.99502,5.9502,1,4768.7,12.962,16273,1670.5,2365.3,1305,21085
0.065674,4.02E-05,1.75E+07,2.257,0.01255,0.5122,0.1086,0.69947,2.103,0.1291,0.1,0.69996,0.99991,0.99993,6.6348,0.60548,4783.7,2834.4,16996,1575.7,2180,6485.5,21089
0.012923,0.039869,5.07E+05,3.6984,0.0093018,0.64969,0.1,0.68827,2.1383,0.16819,0.10018,0.3,0.010461,0.010477,3.4369,0.007748,2417.9,4361.7,7074.1,4039.5,4270.2,15222,21122
0.060592,1.98E-05,1.31E+07,0.83069,0.014508,0.79704,0.86329,0.7,2.1488,0.25547,0.43262,0.38996,1,1,4.0928,4.52E-08,462.89,4482.7,5092.9,0.40189,2079.5,12720,21167
0.060592,1.98E-05,1.31E+07,0.83069,0.014508,0.79704,0.86329,0.7,2.1488,0.25547,0.43262,0.38996,1,1,4.0928,4.52E-08,462.89,4482.7,5092.9,0.40189,2079.5,12720,21167
0.15768,0.095428,3.81E+07,1.1343,0.014292,0.31731,0.78078,0.3,1.5036,0.9,0.17186,0.61521,0.089185,0.78601,5.9956,0.19184,272.07,3613.2,5706.1,3167.2,1952.6,12640,21249
0.13019,0.069307,2.60E+07,4.2251,0.012884,0.19494,0.1,0.67711,2.137,0.11036,0.10092,0.69999,0.502,0.5823,6.647,0.14986,3607.1,3839.1,17784,231.38,326.78,14150,21251
0.13019,0.069307,2.60E+07,4.2251,0.012884,0.19494,0.1,0.67711,2.137,0.11036,0.10092,0.69999,0.502,0.5823,6.647,0.14986,3607.1,3839.1,17784,231.38,326.78,14150,21251
0.05311,0.00010663,7.68E+06,1.2138,0.015704,0.65693,0.30006,0.54041,1.8724,0.20941,0.30961,0.69999,0.23378,0.75035,6.7874,0.243,0.00057751,4998,13883,1579.5,2742,18399,21372
0.26291,0.19952,5.60E+07,2.2441,0.016055,0.10001,0.75985,0.30001,1.5018,0.14805,0.28831,0.31338,0.67445,0.78112,3.5599,0.0060394,4974.2,2396.3,1014.3,4319.3,4979.3,8774.1,21394
0.04862,1.42E-05,2.01E+06,1.9553,0.036764,0.31135,0.37554,0.69998,2.1631,0.18838,0.16407,0.69934,0.68031,0.68084,6.7671,0.127,1378.2,582.88,17026,2710,2215.5,3572.9,21406
0.04862,1.42E-05,2.01E+06,1.9553,0.036764,0.31135,0.37554,0.69998,2.1631,0.18838,0.16407,0.69934,0.68031,0.68084,6.7671,0.127,1378.2,582.88,17026,2710,2215.5,3572.9,21406
0.57135,0.51273,1.70E+07,4.7758,0.024923,0.1264,0.26275,0.7,2.1731,0.12489,0.10822,0.39555,0.43343,0.43344,4.261,0.60831,3233.1,4900.1,19770,4207.3,29.058,11984,21407
0.069038,0.0064047,2.09E+07,1.7526,0.012193,0.53004,0.12286,0.36887,1.5775,0.22637,0.13813,0.69026,0.42916,0.42993,6.5764,0.29587,4999.8,3064.4,15692,5000,2175,12009,21532
0.069038,0.0064047,2.09E+07,1.7526,0.012193,0.53004,0.12286,0.36887,1.5775,0.22637,0.13813,0.69026,0.42916,0.42993,6.5764,0.29587,4999.8,3064.4,15692,5000,2175,12009,21532
0.069038,0.0064047,2.09E+07,1.7526,0.012193,0.53004,0.12286,0.36887,1.5775,0.22637,0.13813,0.69026,0.42916,0.42993,6.5764,0.29587,4999.8,3064.4,15692,5000,2175,12009,21532
0.069038,0.0064047,2.09E+07,1.7526,0.012193,0.53004,0.12286,0.36887,1.5775,0.22637,0.13813,0.69026,0.42916,0.42993,6.5764,0.29587,4999.8,3064.4,15692,5000,2175,12009,21532
0.4005,0.33604,3.06E+07,1.8693,0.014803,0.3924,0.26614,0.3,1.5038,0.28933,0.43563,0.63225,0.99996,0.99996,6.1322,0.31512,2262.8,4999.9,20000,247.75,664.98,6482.8,21587
0.4005,0.33604,3.06E+07,1.8693,0.014803,0.3924,0.26614,0.3,1.5038,0.28933,0.43563,0.63225,0.99996,0.99996,6.1322,0.31512,2262.8,4999.9,20000,247.75,664.98,6482.8,21587
0.4005,0.33604,3.06E+07,1.8693,0.014803,0.3924,0.26614,0.3,1.5038,0.28933,0.43563,0.63225,0.99996,0.99996,6.1322,0.31512,2262.8,4999.9,20000,247.75,664.98,6482.8,21587
0.4005,0.33604,3.06E+07,1.8693,0.014803,0.3924,0.26614,0.3,1.5038,0.28933,0.43563,0.63225,0.99996,0.99996,6.1322,0.31512,2262.8,4999.9,20000,247.75,664.98,6482.8,21587
0.17423,0.11131,7.32E+07,1.7855,0.014602,0.10698,0.89983,0.30001,1.5026,0.14361,0.39466,0.56559,0.54171,0.91118,5.623,0.27584,4792.5,3465.1,8931.4,1155.3,2160.7,17213,21721
0.067258,7.03E-06,2.52E+07,1.8486,0.016173,0.24431,0.44005,0.67142,2.1271,0.10641,0.13086,0.62107,0.81472,0.99996,6.058,0.96529,3236.2,2116.3,7957.4,4858.1,2485.3,6366.6,21756
0.52445,0.45014,2.17E+07,3.1542,0.032341,0.14095,0.45734,0.57028,1.9548,0.83107,0.10119,0.63778,0.99975,0.99989,6.144,0.015404,588.14,4968.9,15442,3632.8,157.81,378.25,21790
0.31844,0.2556,6.95E+07,2.1047,0.015444,0.1,0.89992,0.30002,1.5037,0.12845,0.69914,0.52464,0.76802,0.9989,5.2716,0.05644,3658.6,1240.8,15220,0.28388,4639.2,11362,21930
0.42995,0.38173,1.59E+07,1.3165,0.014459,0.68533,0.49171,0.47399,1.7315,0.50555,0.55712,0.45061,0.31521,0.99999,4.5339,0.020618,4980.9,1091.2,2927.7,4999.9,2312,19149,21958
0.18346,0.11916,6.09E+07,2.7469,0.014299,0.1,0.36231,0.30001,1.5037,0.29893,0.12675,0.69991,0.15353,0.92597,6.6881,0.12013,4997.9,4999.9,19982,225.83,3109.9,15335,22040
0.062786,7.32E-05,3.13E+07,1.5957,0.01348,0.27678,0.45106,0.51527,1.8643,0.43962,0.10664,0.7,0.20962,0.84049,6.6875,0.041917,1249.4,1236,9980.2,3214.5,4018.2,18093,22126
0.069806,0.0053745,5.01E+07,1.5637,0.014673,0.1584,0.61565,0.3,1.5037,0.11644,0.26463,0.66999,0.41094,0.56426,6.4464,0.50366,5000,251.54,14829,5000,5000,18708,22146
0.063736,0.0047305,2.37E+07,1.0442,0.012529,0.5258,0.39142,0.30001,1.5035,0.81904,0.1668,0.69999,0.13421,0.13851,6.6273,5.63E-05,3620.3,4905.1,15087,4963.8,2790.2,20000,22176
0.17521,0.1141,3.77E+07,0.77475,0.013364,0.72158,0.89927,0.59076,1.9826,0.89997,0.3328,0.55653,2.18E-07,0.99998,5.5363,0.28202,12.377,4854.5,13257,240.52,0.34865,16925,22419
0.42172,0.41168,8.38E+06,5.3534,0.012883,0.1,0.31559,0.69993,2.1731,0.1,0.82633,0.7,9.79E-10,0.0014937,6.6938,0.706,1048.1,3775.3,12238,919.36,2237,7341.1,22856
0.30672,0.24319,2.17E+07,2.011,0.019011,0.22975,0.38918,0.30001,1.5009,0.74081,0.1,0.69999,0.03128,0.29421,6.7356,0.63064,643.91,4453.7,11882,132.51,2003,6953.6,22899
0.074302,0.00041819,3.34E+07,3.1308,0.020213,0.10111,0.30705,0.51155,1.7844,0.11955,0.10446,0.69997,0.9994,0.99941,6.6263,0.14782,2961.3,4041.4,5103.5,4608.6,2544,4397.7,23058
0.76323,0.70213,3.90E+07,2.2985,0.018877,0.23247,0.75872,0.61621,2.0347,0.15845,0.66078,0.69998,0.0023826,0.99998,6.6529,0.99999,4653.6,3491.7,4017.4,1457.2,1536.5,5156.5,23274
0.068076,2.05E-07,2.29E+07,1.2973,0.012229,0.84819,0.21384,0.69983,2.1752,0.8022,0.1,0.7,0.39683,0.96622,6.6679,0.00036293,3316.6,6.81E-06,12337,792.07,1416.5,8746.9,23302
0.80114,0.73235,7.53E+07,2.814,0.016914,0.10478,0.78026,0.30001,1.5037,0.62721,0.10045,0.33005,0.028743,0.62257,3.6971,0.25436,427.29,4999.9,17957,1758.7,2418,19512,23344
0.30188,0.23913,3.18E+07,1.5665,0.014678,0.36459,0.39187,0.3,1.501,0.87823,0.10744,0.3,0.22594,0.99999,3.4755,0.020662,2042,1856,10850,3157.9,782.16,18532,23380
0.088761,0.0071418,2.94E+07,1.3015,0.049428,0.11992,0.85221,0.30001,1.482,0.88378,0.1,0.69213,0.99958,0.99958,6.5121,0.097174,4739.7,5000,17869,4.62E-05,3503.9,2101.5,23457
0.54882,0.4823,4.74E+07,2.3416,0.015665,0.19498,0.47019,0.30001,1.5037,0.89989,0.126,0.43806,0.2871,0.43372,4.5606,3.46E-05,2199,3140.5,10659,4363.7,3520.5,7134.7,23586
0.078523,0.0033897,1.75E+07,1.7651,0.055409,0.10086,0.67529,0.35732,1.5759,0.46911,0.1,0.69999,0.99998,0.99999,6.7094,0.033477,2356.2,4999.9,3471.8,1906.4,817.21,3801.2,23641
0.092121,0.022704,4.21E+07,2.8855,0.012108,0.26326,0.14115,0.7,2.1758,0.109,0.1,0.63752,0.6397,0.65759,6.1621,0.50997,1696.1,4763.3,20000,1518.6,2211.8,9881.6,23646
0.14461,0.077532,6.35E+07,2.5932,0.014495,0.10144,0.46088,0.30002,1.503,0.36356,0.10431,0.65612,0.26297,0.263,6.3038,1.27E-05,961.98,2734.6,2788.3,1037.2,1628.3,15489,23659
0.069792,0.00080055,8.22E+07,1.1381,0.014174,0.18063,0.89998,0.30002,1.5039,0.10798,0.4594,0.69992,0.18105,0.99995,6.686,0.76184,4999.1,4999.5,16736,4998.6,4509.7,16496,23672
0.069792,0.00080055,8.22E+07,1.1381,0.014174,0.18063,0.89998,0.30002,1.5039,0.10798,0.4594,0.69992,0.18105,0.99995,6.686,0.76184,4999.1,4999.5,16736,4998.6,4509.7,16496,23672
0.93108,0.8737,2.97E+07,2.1674,0.014092,0.41992,0.36584,0.3,1.4844,0.42678,0.53419,0.4677,0.45773,0.47846,4.8135,0.024834,459.09,3274.2,9894.6,2448.6,2259.9,12704,23948
0.17868,0.11411,4.52E+07,1.8558,0.013338,0.23563,0.35129,0.3,1.5035,0.10003,0.22803,0.41078,0.9991,0.9991,4.3467,0.96105,1329.4,4999.8,10755,3542.1,4156.8,4386,24012
0.2342,0.21571,9.53E+06,6.042,0.011461,0.10071,0.14944,0.52841,1.8847,0.10889,0.11046,0.30002,8.09E-08,0.0035434,3.4488,0.54689,3987.8,3937.3,12265,315.87,3918.6,3586,24013
0.29801,0.23408,1.02E+07,1.6975,0.054853,0.12991,0.858,0.3,1.5031,0.64566,0.1,0.30001,0.19715,0.71052,3.467,0.24954,731.1,5000,20000,182.94,2150.1,7793.1,24071
0.091218,0.033601,2.08E+07,3.1075,0.011735,0.29863,0.14167,0.7,2.169,0.1,0.1,0.47383,0.51093,0.99213,4.8482,0.15075,3143.2,3.5779,5252.6,1380.7,4213.5,14939,24096
0.12447,0.057346,4.83E+07,3.7654,0.013587,0.12318,0.22085,0.69993,2.1621,0.1,0.16368,0.69995,0.78873,0.78873,6.6883,3.44E-05,739.38,2382.9,16552,4993.5,4640.7,5428.3,24226
0.075109,8.96E-07,3.72E+07,1.9449,0.015552,0.25474,0.18876,0.30001,1.503,0.30446,0.10006,0.65577,0.99929,0.99953,6.3199,0.10738,4892.5,4999.3,17467,1251.1,4271.4,4334.4,24240
0.075109,8.96E-07,3.72E+07,1.9449,0.015552,0.25474,0.18876,0.30001,1.503,0.30446,0.10006,0.65577,0.99929,0.99953,6.3199,0.10738,4892.5,4999.3,17467,1251.1,4271.4,4334.4,24240
0.079583,0.0078167,1.91E+07,1.0425,0.030084,0.27666,0.65004,0.30039,1.4918,0.28864,0.12386,0.3,0.99996,0.99996,3.3252,0.58026,163.62,4295.7,18628,4202.4,244.23,4711.3,24241
0.15741,0.090762,3.95E+07,2.7153,0.013316,0.20742,0.17203,0.3042,1.5104,0.12566,0.19647,0.51484,1,1,5.1853,0.11452,2058.5,1194.9,11710,4739.9,0.15502,7276.1,24274
0.071454,5.00E-05,8.04E+07,2.0645,0.015087,0.1,0.8952,0.69299,2.1611,0.33563,0.10001,0.7,0.25879,0.99991,6.6519,3.75E-06,3492.7,4194.3,4292.4,1392,4869.4,18097,24377
0.23171,0.16661,6.44E+07,2.772,0.013898,0.11629,0.36265,0.3,1.4989,0.1,0.33289,0.42282,0.84487,0.96141,4.422,3.34E-10,1629,1044.6,13767,2964.3,3618.3,9268.4,24602
0.23171,0.16661,6.44E+07,2.772,0.013898,0.11629,0.36265,0.3,1.4989,0.1,0.33289,0.42282,0.84487,0.96141,4.422,3.34E-10,1629,1044.6,13767,2964.3,3618.3,9268.4,24602
0.73699,0.65996,2.69E+07,2.7986,0.04068,0.10615,0.89999,0.49468,1.7969,0.41249,0.15319,0.59586,0.99924,0.99924,5.8825,0.88599,2232.1,4034.4,15753,1452.5,1.572,1036.3,24675
0.067414,0.00013638,4.53E+07,0.94266,0.013499,0.40665,0.9,0.54298,1.8238,0.56258,0.14761,0.6201,0.0088832,1,6.0285,0.36985,5000,1218.1,6320.7,4390.8,3161.2,12291,24770
0.077722,1.33E-08,6.47E+07,2.0021,0.020146,0.1,0.53245,0.30001,1.5047,0.19206,0.16767,0.69029,0.99997,0.99998,6.5279,0.09308,4772.3,4766.8,6676.4,1905.1,2864.3,6848.6,24776
0.026871,0.033851,1.15E+07,2.5568,0.0093735,0.1,0.743,0.48473,1.8069,0.49134,0.12813,0.7,0.0021791,0.4663,6.6426,0.0012682,3359.1,4102.3,3783.1,2760.1,686.36,11209,24857
0.10336,0.083356,9.33E+06,1.5728,0.010426,0.43537,0.47525,0.69991,2.1488,0.12389,0.65723,0.4093,1.42E-06,0.009269,4.3296,0.93182,813.53,4271.1,10799,2980.8,1682.6,9570.8,24879
0.24787,0.1981,1.95E+07,2.1709,0.014472,0.20432,0.47592,0.42223,1.7082,0.10123,0.83194,0.55491,0.3564,0.54661,5.5361,0.029181,3011.7,2086.9,15449,4714.2,159.4,6278.3,25048
0.070763,0.00014172,3.10E+07,2.0201,0.01189,0.49188,0.16026,0.67902,2.1411,0.13313,0.10627,0.68256,0.72491,0.91349,6.528,0.88046,4699.2,4704.4,5588.1,1862.7,2269.6,6522.4,25138
0.37913,0.30778,3.87E+07,3.1875,0.01717,0.20689,0.25771,0.55498,1.9311,0.30684,0.10816,0.69162,0.32186,0.76134,6.6048,0.68126,624.92,3078.4,7840.3,246.61,1393.4,3933.9,25150
0.80074,0.72846,6.02E+07,4.2767,0.019629,0.14142,0.3332,0.59089,1.9922,0.36199,0.15875,0.51489,0.58019,0.59061,5.1595,6.16E-06,2176.3,4966.7,16169,1056.7,1918.3,5803.6,25160
0.1055,0.033786,9.55E+07,2.5265,0.013623,0.1,0.48985,0.54086,1.9067,0.11331,0.12646,0.39168,0.54944,0.96062,4.1756,0.14759,2872.8,4999.9,17864,1640.3,2893.5,17375,25231
0.13773,0.068988,5.50E+07,1.5354,0.013098,0.28614,0.38746,0.3,1.504,0.2185,0.41896,0.59756,0.95839,0.95841,5.8511,0.0036393,2634,1090.3,9726.7,4796.6,1864.3,6862.6,25283
0.57436,0.50976,6.76E+07,3.702,0.013705,0.13743,0.25711,0.3,1.503,0.33145,0.10545,0.5685,0.16814,0.17168,5.5823,0.51072,3628.9,4828.9,11959,4.7408,820.1,17087,25320
0.078553,0.0005124,6.53E+07,1.1088,0.01878,0.20815,0.8785,0.3,1.5039,0.60934,0.10088,0.3806,0.44369,0.97396,4.0516,0.070384,2978.8,4291.1,4083.6,1041.7,197,11431,25446
0.41495,0.34726,4.51E+07,2.8374,0.016484,0.28015,0.26466,0.69991,2.0519,0.34786,0.16209,0.4263,0.53339,0.60535,4.4925,0.0073045,518.31,4999.9,20000,172.93,4916,6728.4,25482
0.56485,0.50083,4.41E+06,3.1759,0.062666,0.1763,0.23783,0.3,1.4832,0.64847,0.1,0.48777,0.93342,0.93557,5.1785,0.071317,5000,5000,9064.6,133.71,750.86,2401.5,25640
0.004617,0.00010114,3.01E+06,2.4276,0.0093411,0.541,0.10002,0.41355,1.6868,0.1171,0.65522,0.6601,0.014972,0.15606,6.37,2.35E-07,3910,4205.9,7856.7,2164.5,3144.1,10649,25645
0.22718,0.15864,8.08E+07,1.7712,0.01421,0.14994,0.73981,0.3,1.4977,0.29977,0.36543,0.69999,0.37576,0.99998,6.6656,0.13987,884.49,2663.9,5633.1,983.53,3158.3,10643,25649
0.84217,0.77466,8.71E+07,3.3795,0.019972,0.10857,0.82808,0.68163,2.1452,0.87406,0.11636,0.55109,0.17445,0.851,5.4807,0.01555,3770.8,4701.5,4846,3206.4,2234.4,11952,25674
0.17295,0.15053,2.34E+07,2.6958,0.010682,0.1,0.66631,0.39495,1.6583,0.10415,0.40554,0.30002,6.38E-07,0.012373,3.4343,0.28919,2435.9,4379.3,8648.3,2659.2,2356.7,10339,25740
0.78663,0.70974,3.25E+07,2.3893,0.016616,0.4332,0.25547,0.3,1.5,0.88655,0.10251,0.59917,0.95843,0.9587,5.8284,0.87424,1492.1,5000,2142.7,1370.5,330.52,1213.5,25748
0.27645,0.21192,7.18E+07,1.9241,0.015121,0.11527,0.89999,0.30001,1.5032,0.1,0.74376,0.3588,0.64071,0.64072,3.9211,3.16E-05,4924.6,1223.9,3132,4282.4,1820.7,10108,25858
0.20501,0.13772,3.23E+07,2.0597,0.013429,0.36149,0.20155,0.3,1.5024,0.19067,0.26264,0.69991,0.94984,0.94984,6.6882,0.51953,1431.6,1393.3,5081.2,107.08,4518.5,3031.8,25954
0.065266,3.38E-08,3.58E+07,0.89294,0.012341,0.49875,0.89937,0.4362,1.6472,0.46344,0.10079,0.51414,0.29078,0.2924,5.1678,0.99585,3063.4,223.18,7743.7,2680.2,0.0020969,13633,25989
0.074173,3.47E-05,7.24E+07,0.52721,0.01238,0.82791,0.89996,0.3534,1.5938,0.53256,0.47422,0.39841,0.99771,0.99848,4.2531,0.0896,3336.1,3795.8,17556,767.7,771.22,13671,25999
0.074671,4.63E-07,1.02E+08,1.4545,0.012385,0.21917,0.72209,0.69997,2.1571,0.33772,0.15594,0.56341,0.5536,0.58209,5.5812,0.0017735,4261.5,3907.9,16010,1401.2,179.99,16070,26073
0.0084809,6.41E-05,3.06E+06,2.7281,0.0093979,0.50062,0.12361,0.69987,2.1599,0.63561,0.40651,0.69999,7.26E-05,0.023956,6.7209,0.025695,2965.4,4595.7,8184.7,777.66,4999.3,17517,26117
0.68813,0.64485,2.87E+06,2.4738,0.03207,0.25523,0.63819,0.45447,1.757,0.37544,0.17586,0.31892,0.0071397,0.5247,3.6234,0.43991,2914.6,5000,2437.2,2806.9,1578.4,2285.3,26160
0.12113,0.056461,5.28E+07,2.514,0.014048,0.13211,0.49234,0.7,2.174,0.13011,0.10486,0.69998,0.89565,0.99464,6.664,0.98899,1810.8,213.6,18319,5000,1561.7,4329.3,26168
0.12113,0.056461,5.28E+07,2.514,0.014048,0.13211,0.49234,0.7,2.174,0.13011,0.10486,0.69998,0.89565,0.99464,6.664,0.98899,1810.8,213.6,18319,5000,1561.7,4329.3,26168
0.11566,0.046193,5.99E+07,1.9926,0.015944,0.12149,0.89999,0.63256,2.0322,0.24703,0.1,0.7,0.1829,0.18301,7.0022,0.90387,1754.3,321.69,9779,3854.8,96.925,14302,26186
0.019859,0.00016369,2.99E+07,2.1435,0.009593,0.1,0.79524,0.38854,1.6475,0.89989,0.10433,0.30013,0.0013131,0.0074203,3.4506,0.023999,4148.4,1277.7,7710.2,2289.3,1307.6,11664,26299
0.80114,0.7286,5.72E+07,2.981,0.016971,0.15083,0.48601,0.30007,1.5206,0.53163,0.1,0.32802,0.246,0.24601,3.7104,0.31842,2478.2,605.46,15649,160.95,1125.4,14268,26332
0.075657,0.002072,7.89E+07,1.2638,0.011888,0.3649,0.54179,0.7,2.1745,0.33765,0.11204,0.62364,0.0089154,0.45737,6.0438,0.81635,3718,3646.8,19340,3268,4762.3,13474,26390
0.076203,0.00017525,9.04E+07,0.8552,0.013721,0.33538,0.89999,0.30001,1.504,0.16253,0.25407,0.34811,0.99998,0.99999,3.8454,0.92779,432.52,4537.1,9403.3,2508.9,0.011147,13004,26547
0.071002,3.58E-10,7.40E+07,2.7125,0.013357,0.11035,0.32628,0.3,1.5039,0.10019,0.1013,0.68894,0.043344,1,6.648,0.51957,612.16,577.12,4707.7,1598.1,126.76,19079,26676
0.015451,0.00029602,2.36E+07,1.576,0.0094641,0.14709,0.9,0.3,1.4989,0.24251,0.72562,0.699,3.23E-09,0.00071526,6.6804,0.99996,1466.8,4456.1,10907,3154.8,4959,9530.3,26682
0.10178,0.038689,3.57E+07,1.1616,0.011241,0.8323,0.32946,0.68797,2.1252,0.17381,0.55046,0.62511,0.94245,0.94257,6.091,0.20469,3139.8,1574.3,5195.6,4125.2,0.18624,14412,26685
0.28504,0.21998,4.79E+07,3.3284,0.012061,0.26941,0.1,0.30001,1.5042,0.15285,0.10056,0.36209,1.30E-10,0.99625,3.95,0.41136,2219.1,4920.9,12558,3310.8,1639.3,13862,26721
0.28504,0.21998,4.79E+07,3.3284,0.012061,0.26941,0.1,0.30001,1.5042,0.15285,0.10056,0.36209,1.30E-10,0.99625,3.95,0.41136,2219.1,4920.9,12558,3310.8,1639.3,13862,26721
0.21202,0.14687,2.78E+07,1.3894,0.017744,0.33079,0.42955,0.3,1.4665,0.39949,0.10305,0.3,0.0041584,0.57067,3.2825,0.77797,4752.9,3440.4,9815.6,2056.6,250.57,14735,26930
0.63,0.55215,1.42E+08,2.5155,0.016185,0.1,0.89211,0.31956,1.5337,0.63047,0.10312,0.30001,0.23554,0.3921,3.4542,0.13543,301.96,4098,11830,2106.8,2390.1,15545,26954
0.074651,0.019914,1.18E+07,2.1631,0.012644,0.45409,0.10275,0.3135,1.5203,0.11262,0.26013,0.49006,0.47677,0.80503,4.9948,1.66E-06,2196.9,7.88E-10,15510,3059.7,3543.3,6189.3,26995
0.071319,4.45E-06,6.33E+07,1.4787,0.010194,0.89992,0.13526,0.69998,2.1761,0.11341,0.32249,0.69994,0.8932,0.99947,6.6679,0.46604,3169.9,236.73,18427,2162.6,1501.2,13501,27053
0.83717,0.76129,8.14E+07,2.6002,0.016775,0.13149,0.87156,0.30001,1.4685,0.69648,0.13046,0.30045,0.40561,0.40562,3.4429,0.041528,756.63,1125.4,1351.5,4316.3,2185.2,8355.5,27059
0.022979,2.44E-07,2.81E+07,1.6188,0.0096821,0.14061,0.9,0.30603,1.5097,0.83037,0.19856,0.65941,0.0012486,0.14057,6.3305,0.0040458,81.649,3927.5,17583,1593,1407.3,15006,27119
0.019455,4.60E-06,1.38E+07,3.8332,0.0096014,0.1174,0.2688,0.68994,2.1477,0.19881,0.2177,0.64384,3.68E-05,0.3586,6.2122,0.0025584,1316.7,1539.6,12277,1326.2,1068.1,8004.7,27200
0.4215,0.33846,1.56E+08,1.842,0.016823,0.12541,0.89997,0.30002,1.5044,0.39376,0.23033,0.55075,0.9997,0.99983,5.4752,0.61831,4999.2,4999.6,19024,55.552,2752.9,2681.7,27274
0.007252,2.44E-08,1.20E+07,2.6586,0.0093888,0.12478,0.57321,0.62025,2.0275,0.89963,0.45051,0.56236,7.97E-08,0.01797,5.5846,0.005799,4945,4745,9781.7,3964.7,3732.2,13910,27293
0.1241,0.054561,1.06E+08,1.8331,0.012249,0.15266,0.72397,0.56005,1.94,0.42258,0.12686,0.65378,0.15578,0.99366,6.3005,0.11932,1805.7,3.0133,20000,1893.7,1166.7,16945,27294
0.38788,0.31473,1.40E+08,2.3639,0.014252,0.10056,0.71211,0.3,1.5021,0.59567,0.14239,0.47631,0.32371,0.63919,4.8781,1.50E-05,3807.2,1918.4,17201,2562.2,3459.6,10264,27371
0.083188,0.00057034,8.79E+07,1.4449,0.010462,0.8999,0.14441,0.69996,2.1689,0.39809,0.10935,0.43061,0.99997,0.99999,4.4999,0.036013,1572.9,4999.7,18858,3656.7,1078.9,6000.2,27385
0.37401,0.30072,6.10E+07,2.3029,0.01485,0.22941,0.31163,0.30001,1.5038,0.34754,0.12391,0.36953,0.27354,0.99998,3.9909,0.3793,1816.1,3503.5,6927.4,3330.4,1.7482,8635.9,27443
0.076918,2.87E-10,1.30E+08,2.4026,0.012853,0.10002,0.6722,0.69993,2.1742,0.13678,0.10002,0.69727,0.00020447,0.99399,6.6488,0.56783,3389.6,3935.5,3102.2,514.17,1591.6,14341,27449
0.076918,2.87E-10,1.30E+08,2.4026,0.012853,0.10002,0.6722,0.69993,2.1742,0.13678,0.10002,0.69727,0.00020447,0.99399,6.6488,0.56783,3389.6,3935.5,3102.2,514.17,1591.6,14341,27449
0.076918,2.87E-10,1.30E+08,2.4026,0.012853,0.10002,0.6722,0.69993,2.1742,0.13678,0.10002,0.69727,0.00020447,0.99399,6.6488,0.56783,3389.6,3935.5,3102.2,514.17,1591.6,14341,27449
0.014453,1.07E-09,1.35E+07,4.1248,0.0094728,0.1,0.2681,0.62767,2.0439,0.61601,0.1,0.57343,0.00033408,0.27181,5.668,0.00073635,2996.8,2496.7,6092.3,2172.7,733.75,4414.5,27486
0.1302,0.07323,4.67E+07,1.1271,0.013425,0.23475,0.9,0.3,1.5067,0.87835,0.27267,0.7,0.061285,0.14188,6.6971,0.0062814,3100,4338.9,19624,449.61,5000,19999,27490
0.15779,0.08342,1.13E+08,3.1858,0.012647,0.12574,0.27849,0.62524,2.0505,0.10449,0.27186,0.6999,0.96188,0.96223,6.6867,6.44E-06,4999,4999.4,19999,4960.7,4174.6,2676.1,27517
0.14636,0.072961,9.00E+07,1.2208,0.013778,0.23474,0.9,0.38055,1.6392,0.60421,0.15788,0.48308,0.32711,0.55084,4.9453,0.21426,4699,153.14,8525.5,12.548,3904.4,10784,27533
0.33642,0.26866,1.38E+07,2.2505,0.045746,0.11763,0.60444,0.3,1.4719,0.78183,0.10007,0.47151,0.40737,0.41719,4.8741,0.060157,1.3584,3899.2,7740.5,2106.6,2558.9,3234.8,27562
0.073968,1.64E-10,7.46E+07,2.0574,0.01112,0.32183,0.22372,0.7,2.1676,0.11332,0.21961,0.53534,0.99999,1,5.3416,0.03062,2430.5,1696.9,17708,2068.7,4069.2,11132,27675
0.56327,0.4789,1.32E+08,2.331,0.018083,0.13415,0.8256,0.46316,1.7788,0.77175,0.22721,0.69996,0.88815,0.93963,6.6549,0.030106,3829.1,2768.2,19168,22.529,1539.4,2884.4,27690
0.077756,0.00073806,9.72E+07,1.8257,0.013034,0.18371,0.57279,0.69995,2.0856,0.16483,0.10145,0.33351,0.5125,0.54459,3.7089,0.23158,2469.9,4979.2,7286.4,2.9138,1467.5,18229,27700
0.021828,4.63E-05,8.24E+06,4.1398,0.0097259,0.16902,0.22576,0.69997,2.1323,0.1,0.30271,0.69405,1.17E-07,0.2292,6.6099,0.017624,303.5,3140.1,644.72,1965.3,1085,4087.8,27802
0.32151,0.2423,9.18E+07,1.115,0.015251,0.32929,0.89999,0.30001,1.5041,0.61789,0.34892,0.67127,0.99946,0.99992,6.4398,0.70711,2817.6,1117.8,7726.3,1859.2,196.95,2944.7,27833
0.98333,0.91439,8.60E+07,4.2721,0.014189,0.11518,0.37038,0.30001,1.5042,0.36241,0.10566,0.6784,0.18914,0.23363,6.5069,0.95453,3942.6,803.19,3734.7,2300.9,679.37,9002.3,27857
0.98333,0.91439,8.60E+07,4.2721,0.014189,0.11518,0.37038,0.30001,1.5042,0.36241,0.10566,0.6784,0.18914,0.23363,6.5069,0.95453,3942.6,803.19,3734.7,2300.9,679.37,9002.3,27857
0.092349,0.019162,8.96E+07,1.8497,0.012661,0.17984,0.57085,0.58154,1.9543,0.18169,0.15748,0.41829,0.738,0.87621,4.4046,0.041403,190.25,2593.1,9103.7,5000,4852.8,10031,27864
0.027415,7.43E-05,2.13E+07,1.7721,0.0099693,0.17582,0.61824,0.30001,1.4999,0.9,0.13323,0.68981,0.0022104,0.95709,6.5654,0.00091536,4118.3,1390.7,8984.3,3458.4,3967.4,4417.6,27864
0.024219,0.0055692,1.78E+07,3.4139,0.0096286,0.1,0.38708,0.57246,1.9525,0.22325,0.19008,0.62952,0.0010778,0.95564,6.0878,0.000907,2635,1399.2,8756,1186,4994.3,2580.7,27902
0.024201,2.35E-08,2.92E+07,2.4995,0.0096607,0.1,0.50498,0.36428,1.6013,0.34468,0.15915,0.40048,0.0016279,0.61307,4.247,0.0011174,3290.9,3533.4,11804,1267.1,4095.5,1176.1,28088
0.086755,0.015309,5.98E+07,1.8216,0.010493,0.6499,0.14112,0.69998,2.1632,0.11149,0.23178,0.41468,0.99877,0.99911,4.3834,0.10727,2832.4,2646.8,11850,1975.5,0.1183,16420,28109
0.16282,0.098281,9.02E+07,2.3205,0.011925,0.1,0.6469,0.3,1.5003,0.14956,0.35589,0.7,0.79686,0.81103,6.6301,1.23E-06,4220.6,722.18,17285,862.23,0.019542,18814,28139
0.23914,0.21393,1.82E+07,2.1208,0.010798,0.16734,0.74788,0.30001,1.4999,0.14262,0.63952,0.4163,0.028379,0.044352,4.3496,0.032368,426.37,2751.7,1662,3023.7,4097.3,1889.1,28171
0.66748,0.5918,1.03E+08,1.6933,0.014391,0.32288,0.5833,0.32938,1.54,0.49308,0.36973,0.32191,0.64854,0.99917,3.6247,0.039236,3916.9,4816.6,15232,3568.7,4328.3,2717.6,28179
0.091289,0.10064,5.70E+06,4.0802,0.0096783,0.1,0.73801,0.7,2.1666,0.1,0.89262,0.50124,1.31E-09,0.15487,5.0784,0.0082959,3257,10.823,17692,953.96,60.851,10656,28201
0.087144,0.0119,8.76E+07,2.3422,0.010228,0.52338,0.1,0.7,2.1744,0.12489,0.15618,0.51036,0.87347,0.87349,5.1315,0.080468,3349.9,3591.5,15938,1432.2,6.239,14526,28226
0.077812,0.0069182,5.27E+07,2.1934,0.010426,0.57202,0.11089,0.7,2.176,0.1,0.14645,0.69667,0.49854,0.89223,6.6781,0.74185,1420.9,1659.9,10019,4619.1,706.71,10259,28236
0.12147,0.048731,1.50E+08,1.8172,0.012252,0.1421,0.82485,0.6494,2.0865,0.11333,0.34057,0.51358,0.66271,0.95317,5.1909,0.19043,219.1,1235.5,16597,4440.4,478.76,19428,28248
0.022213,1.74E-05,1.53E+07,4.0911,0.0096659,0.10193,0.30455,0.69962,2.0944,0.13366,0.2521,0.60229,6.75E-05,0.95539,5.8829,0.0016522,1817.9,2815.8,6491.4,770.94,247.81,3255.9,28252
0.022213,1.74E-05,1.53E+07,4.0911,0.0096659,0.10193,0.30455,0.69962,2.0944,0.13366,0.2521,0.60229,6.75E-05,0.95539,5.8829,0.0016522,1817.9,2815.8,6491.4,770.94,247.81,3255.9,28252
0.54744,0.46999,1.23E+08,3.4,0.014457,0.10708,0.40491,0.3,1.5029,0.44153,0.1,0.38819,0.39337,0.99995,4.1461,0.045899,468.62,3561.9,7968.4,1640.3,488.8,10560,28253
0.48291,0.41162,7.49E+07,1.3019,0.012955,0.60166,0.39008,0.3,1.4906,0.4324,0.57796,0.34354,0.74537,0.99984,3.8065,0.010961,3887.7,4657.7,17134,207.69,4997.4,7187.2,28255
0.61974,0.53617,7.98E+07,3.3142,0.01842,0.29384,0.23699,0.69996,2.1673,0.73985,0.10904,0.57661,0.97207,0.97486,5.6724,0.010131,2621.2,298.21,20000,3777.4,1378.5,254.47,28405
0.078506,0.001328,1.15E+08,1.0643,0.012206,0.31637,0.83063,0.60099,2.0099,0.1,0.87146,0.7,0.99933,0.99934,6.6398,0.42298,2557.4,4958.4,17219,210.05,3176.7,14235,28419
0.079104,0.00022582,1.74E+08,1.5895,0.013959,0.1,0.9,0.3,1.5043,0.19824,0.14292,0.69997,0.32989,0.41519,6.6607,0.74369,3527.9,1963.4,14504,404,3376.5,14971,28425
0.079104,0.00022582,1.74E+08,1.5895,0.013959,0.1,0.9,0.3,1.5043,0.19824,0.14292,0.69997,0.32989,0.41519,6.6607,0.74369,3527.9,1963.4,14504,404,3376.5,14971,28425
0.17191,0.10424,6.15E+07,2.0829,0.011387,0.67691,0.11989,0.69999,2.177,0.14983,0.3066,0.52124,0.64131,0.64133,5.2466,0.13702,4642.3,2232.4,17493,4998.9,4999.5,5787.4,28427
0.024345,0.0012566,2.87E+07,2.2507,0.0096933,0.10108,0.75931,0.34476,1.5744,0.1,0.56721,0.3,0.00035742,0.077331,3.4417,0.030119,647.73,3399.4,5053.2,1413.1,607.01,10769,28497
0.52483,0.46147,2.16E+07,1.4856,0.019001,0.28772,0.88311,0.31945,1.432,0.44606,0.3704,0.63099,0.29514,0.29514,6.0652,1,3742.2,4348,13628,1875.9,3498.1,1090.8,28539
0.073494,7.83E-09,2.99E+07,0.74904,0.018992,0.51968,0.85772,0.36742,1.6157,0.16861,0.72336,0.69999,0.99945,0.99973,6.6558,0.99995,4212.2,1733.6,5872.3,5000,3118.3,953.07,28650
0.033855,0.0064786,2.84E+07,1.2684,0.0097924,0.21741,0.89222,0.30041,1.5016,0.38298,0.50772,0.68073,0.0035161,0.42256,6.5142,0.0044578,4916.1,4111.6,839.21,2756.8,3516.1,19633,28655
0.28296,0.21045,8.11E+07,3.1358,0.012672,0.16298,0.22237,0.3,1.5003,0.26768,0.10064,0.36157,0.54489,0.58601,3.9383,0.0003912,2599,3781.4,1107.9,2052.8,1894.2,10859,28674
0.28296,0.21045,8.11E+07,3.1358,0.012672,0.16298,0.22237,0.3,1.5003,0.26768,0.10064,0.36157,0.54489,0.58601,3.9383,0.0003912,2599,3781.4,1107.9,2052.8,1894.2,10859,28674
0.079459,1.98E-06,1.22E+08,1.9338,0.0099782,0.70239,0.1,0.7,2.1735,0.14018,0.13953,0.38522,0.88762,0.88774,4.1292,0.10434,1977.3,4573.4,20000,1860.3,3261.8,11983,28732
0.023794,4.28E-05,1.19E+07,1.9459,0.0098753,0.25726,0.69438,0.69981,2.1632,0.10001,0.35377,0.30002,3.78E-06,0.012716,3.4392,0.65508,3073.6,0.48077,369.65,3745,665.26,3180.7,28861
0.054172,8.63E-06,1.22E+07,2.7464,0.019344,0.11298,0.61444,0.60345,1.9851,0.1,0.18534,0.69999,0.057903,0.60252,6.6534,0.24541,3104.1,2.58E-09,8505.2,3917.6,1622,5207,28935
0.075326,2.44E-06,1.41E+08,3.1531,0.01149,0.1,0.34559,0.7,2.176,0.13569,0.1,0.65453,0.35852,0.35853,6.2909,0.016791,4242,1592.3,14237,4234.1,4819.5,19458,28969
0.022806,1.05E-08,3.27E+07,2.4501,0.0096056,0.1,0.42007,0.3,1.5007,0.64045,0.1,0.45306,0.0010335,0.073248,4.6695,0.0055592,2814.8,860.14,18071,585.79,1894.4,13146,29029
0.023395,1.78E-08,4.57E+07,1.7449,0.0095414,0.1,0.9,0.3,1.5008,0.71125,0.13396,0.30001,0.0013039,0.54124,3.4402,0.00073742,4999.9,4999.9,1899.8,339.94,4999.9,5531.8,29125
0.11574,0.037153,1.58E+08,1.6226,0.010233,0.87061,0.12817,0.7,2.1495,0.19533,0.18306,0.30167,0.71858,1,3.4582,0.0055214,711.02,3630.4,20000,814.79,2345,17933,29153
0.65862,0.58174,7.28E+07,5.578,0.018934,0.10277,0.281,0.7,2.1736,0.14867,0.11449,0.30724,0.84929,0.8493,3.5016,5.54E-06,1889.6,4995,1215.1,758.63,3081.3,5297.4,29162
0.029695,5.93E-08,5.88E+07,1.7926,0.0096305,0.1,0.89998,0.45926,1.7682,0.89999,0.14836,0.64606,0.0016876,0.015017,6.2193,0.029238,3926,4999.8,14968,2045.9,5000,4618,29177
0.027086,1.63E-05,5.95E+07,1.6043,0.0095882,0.1,0.89999,0.30001,1.5003,0.66467,0.17522,0.46264,0.0018905,0.042103,4.7393,0.01256,4999.9,4999.9,17453,2245.1,4999.9,12017,29306
1,0.93011,1.67E+08,2.3452,0.017025,0.9,0.21257,0.7,2.1783,0.57479,0.56481,0.7,0.26608,0.26609,6.8975,6.05E-07,4999.9,5000,19817,4772.8,2462,8723.4,29310
0.57007,0.49867,1.20E+08,1.4514,0.014882,0.32623,0.9,0.49798,1.7481,0.89999,0.15163,0.47698,0.12457,0.12457,4.8588,0.9755,2478.7,4322.1,14808,2346.8,1.2772,16349,29337
0.70215,0.63481,1.42E+08,3.2909,0.014872,0.10685,0.63438,0.47431,1.797,0.13007,0.6848,0.58194,0.53607,0.63385,5.7257,0.050079,2875,2853.5,8109,3324.2,1339.3,15296,29377
0.08934,0.0014875,7.17E+07,1.2236,0.015411,0.39372,0.33792,0.30002,1.5045,0.89993,0.1,0.69997,0.99545,0.99556,6.6774,0.16992,2475.8,3330.9,10086,3650.8,3784.6,1649.5,29457
0.090617,0.0054593,3.56E+07,1.5263,0.015423,0.58798,0.13734,0.39224,1.5791,0.71832,0.1,0.66583,0.99994,1,6.2821,0.031763,4677,1280.8,20000,1448.3,241.2,2372.8,29461
0.46748,0.37197,1.52E+08,2.1725,0.024377,0.1,0.9,0.33305,1.5174,0.89283,0.1,0.50858,0.99998,0.99998,5.1459,0.30061,2542.4,3778,12803,1087.3,525.92,1716.6,29484
0.46748,0.37197,1.52E+08,2.1725,0.024377,0.1,0.9,0.33305,1.5174,0.89283,0.1,0.50858,0.99998,0.99998,5.1459,0.30061,2542.4,3778,12803,1087.3,525.92,1716.6,29484
0.46748,0.37197,1.52E+08,2.1725,0.024377,0.1,0.9,0.33305,1.5174,0.89283,0.1,0.50858,0.99998,0.99998,5.1459,0.30061,2542.4,3778,12803,1087.3,525.92,1716.6,29484
0.46748,0.37197,1.52E+08,2.1725,0.024377,0.1,0.9,0.33305,1.5174,0.89283,0.1,0.50858,0.99998,0.99998,5.1459,0.30061,2542.4,3778,12803,1087.3,525.92,1716.6,29484
0.076045,0.0019931,9.09E+07,2.532,0.010552,0.27218,0.1972,0.7,2.1665,0.11962,0.12643,0.47566,0.73475,0.89741,4.8416,0.0056737,3010,4981.4,4640,4717.6,222.83,16793,29553
0.30682,0.26858,1.94E+07,3.3289,0.013782,0.1,0.76364,0.69973,2.1525,0.32247,0.15186,0.7,0.0015078,0.067314,6.7684,0.23557,3683.1,1.026,14910,4093.4,805.66,11821,29556
0.30682,0.26858,1.94E+07,3.3289,0.013782,0.1,0.76364,0.69973,2.1525,0.32247,0.15186,0.7,0.0015078,0.067314,6.7684,0.23557,3683.1,1.026,14910,4093.4,805.66,11821,29556
0.75494,0.69468,3.33E+07,3.1828,0.018785,0.28004,0.33481,0.6991,2.2145,0.43496,0.1,0.44796,0.10467,0.10468,4.6917,0.70837,3665.8,147.18,10451,5000,3792.5,12693,29567
0.75494,0.69468,3.33E+07,3.1828,0.018785,0.28004,0.33481,0.6991,2.2145,0.43496,0.1,0.44796,0.10467,0.10468,4.6917,0.70837,3665.8,147.18,10451,5000,3792.5,12693,29567
0.14851,0.073976,1.07E+08,0.9181,0.011342,0.89863,0.44924,0.68124,2.1448,0.66815,0.20135,0.69998,0.026369,0.26205,6.66,0.99998,2108.7,2031.3,20000,151.04,1529.4,14582,29590
0.11633,0.092802,1.27E+07,5.1641,0.010466,0.1,0.15042,0.38104,1.6428,0.1,0.13229,0.59168,0.020121,0.028663,5.8183,0.027554,4395.2,232.52,12197,4053.3,0.89768,11154,29620
0.077059,0.020614,3.27E+07,1.8274,0.016272,0.10726,0.9,0.3,1.4861,0.15516,0.44057,0.7,0.11226,0.99999,6.7138,0.020511,1845.6,4480.8,4279.4,4201.6,4022.2,8071.1,29653
0.10566,0.04496,1.71E+07,2.1979,0.026914,0.12595,0.4202,0.3,1.489,0.26288,0.10872,0.4901,0.52178,0.59851,5.034,0.0045901,2923.4,384.9,4159.8,225.92,2280.8,14382,29690
0.34659,0.27739,1.05E+08,2.6298,0.01293,0.70115,0.1,0.7,2.1464,0.14646,0.21546,0.36862,0.40314,0.48186,3.9969,0.35819,2367.3,1910.9,20000,1325.4,3095.6,18444,29716
0.34659,0.27739,1.05E+08,2.6298,0.01293,0.70115,0.1,0.7,2.1464,0.14646,0.21546,0.36862,0.40314,0.48186,3.9969,0.35819,2367.3,1910.9,20000,1325.4,3095.6,18444,29716
0.10124,0.022366,1.48E+08,2.2756,0.010483,0.32092,0.19234,0.69998,2.1752,0.18974,0.10066,0.3712,0.58534,0.58551,4.0342,0.012855,746.16,4998.9,16330,2491.4,527.71,16850,29720
0.088761,0.012488,1.25E+08,1.3604,0.010927,0.38049,0.47146,0.7,2.1769,0.33699,0.10633,0.49646,0.0058509,0.63748,5.0219,0.55356,2624.5,2182.5,15675,947.99,3023.9,16033,29774
0.088761,0.012488,1.25E+08,1.3604,0.010927,0.38049,0.47146,0.7,2.1769,0.33699,0.10633,0.49646,0.0058509,0.63748,5.0219,0.55356,2624.5,2182.5,15675,947.99,3023.9,16033,29774
0.088761,0.012488,1.25E+08,1.3604,0.010927,0.38049,0.47146,0.7,2.1769,0.33699,0.10633,0.49646,0.0058509,0.63748,5.0219,0.55356,2624.5,2182.5,15675,947.99,3023.9,16033,29774
0.19412,0.11977,1.14E+08,1.5147,0.011351,0.75761,0.22016,0.69999,2.1773,0.13484,0.43582,0.47371,0.96156,0.96157,4.8479,0.52456,4371,4245,15304,4999.7,810.32,7188.7,29777
0.28711,0.22285,8.81E+07,0.94448,0.012039,0.49044,0.72383,0.3,1.4998,0.88958,0.65702,0.7,0.15946,0.26041,6.6595,0.032647,3023.3,2787,16198,254.66,4957.5,18204,29825
0.98935,0.90856,9.75E+07,5.7343,0.018553,0.32103,0.1,0.7,2.2118,0.19772,0.11781,0.37038,0.97877,1,4.0127,0.14601,4948.6,84.531,20000,510.39,392.74,8158.2,29872
0.99991,0.92471,1.05E+08,5.7787,0.013888,0.11756,0.18291,0.30421,1.5075,0.3563,0.14841,0.68921,0.33503,0.33552,6.5655,2.42E-06,3190.5,4999.8,9827.9,1389,1220.4,7206.7,29963
0.15325,0.079331,1.52E+08,1.6635,0.01069,0.62195,0.1984,0.69999,2.1756,0.1027,0.65858,0.46425,0.99992,0.99996,4.7819,0.0053968,1249.9,4999.9,18416,2259,1811.1,17887,29996
0.22582,0.15526,7.47E+07,1.9862,0.011924,0.46175,0.22183,0.58253,1.977,0.44201,0.10463,0.3,0.32014,0.87189,3.4497,6.06E-06,2942.8,4952.2,6762.4,637.48,1008.9,18790,30079
0.082974,7.86E-09,1.09E+08,1.4882,0.014342,0.1978,0.72493,0.46953,1.7892,0.56508,0.10111,0.69996,0.55468,1,6.6748,0.15076,1450.4,3185.3,910.04,1.7199,2809.2,5862.7,30088
0.081218,0.0043335,1.27E+08,2.593,0.011654,0.137,0.4362,0.699,2.1719,0.10085,0.16587,0.55786,0.72915,0.93517,5.5353,0.072564,3794.6,1012.4,2181.1,1183.6,2372.4,15870,30133
0.059644,0.020174,1.27E+07,1.3379,0.010937,0.49625,0.34313,0.36459,1.61,0.1,0.21321,0.7,0.99987,0.99989,6.7402,0.99999,1624.3,241.1,15061,3143.1,2363,16869,30243
0.084014,0.0016674,1.46E+08,0.82004,0.011482,0.54093,0.89999,0.69992,2.1764,0.43904,0.31908,0.44006,0.99979,0.99983,4.5739,0.037783,442.56,425.97,20000,4999.9,2743.5,7227.2,30278
0.084014,0.0016674,1.46E+08,0.82004,0.011482,0.54093,0.89999,0.69992,2.1764,0.43904,0.31908,0.44006,0.99979,0.99983,4.5739,0.037783,442.56,425.97,20000,4999.9,2743.5,7227.2,30278
0.084014,0.0016674,1.46E+08,0.82004,0.011482,0.54093,0.89999,0.69992,2.1764,0.43904,0.31908,0.44006,0.99979,0.99983,4.5739,0.037783,442.56,425.97,20000,4999.9,2743.5,7227.2,30278
0.024336,8.99E-08,3.89E+07,2.4578,0.0095275,0.1,0.64205,0.62532,2.0457,0.42174,0.1694,0.5323,0.0011827,0.011921,5.3038,0.035903,633.18,2626.9,6284.5,247.6,2108.7,8259.7,30289
0.034782,0.014702,2.82E+07,1.7045,0.0096013,0.15739,0.71917,0.3,1.5012,0.17363,0.71076,0.3,1.46E-08,0.011741,3.4415,0.11301,207.43,1928.5,2578.5,1276.2,384.44,15307,30303
0.031759,8.76E-06,2.41E+07,2.8538,0.010129,0.11077,0.40162,0.30027,1.5014,0.10831,0.2656,0.69993,0.021427,0.021499,6.7128,1.17E-05,747.34,947.49,6910,3205,4113.5,19371,30339
0.072827,1.74E-07,7.02E+07,1.8349,0.010095,0.61659,0.10001,0.38867,1.652,0.18606,0.10025,0.62036,6.97E-06,0.99999,6.0716,0.62681,2176.5,4002.2,8217.4,1234.5,34.175,13761,30344
0.072827,1.74E-07,7.02E+07,1.8349,0.010095,0.61659,0.10001,0.38867,1.652,0.18606,0.10025,0.62036,6.97E-06,0.99999,6.0716,0.62681,2176.5,4002.2,8217.4,1234.5,34.175,13761,30344
0.026119,4.64E-09,5.39E+07,1.8126,0.0095752,0.1,0.9,0.48754,1.8151,0.87657,0.1,0.42661,0.0015345,0.46824,4.4544,0.0011376,4431.5,2929,18783,1610.6,748.23,11264,30354
0.061767,0.036208,1.34E+07,1.943,0.010018,0.2689,0.36372,0.37897,1.6324,0.25896,0.33653,0.69999,0.019404,0.019656,6.6967,0.0052925,3347.7,3961.3,5409.5,1614.4,2885.1,5893.7,30469
0.030867,0.0041286,4.26E+07,1.988,0.0097456,0.1,0.71112,0.3,1.5016,0.28324,0.17137,0.3,0.0020094,0.014047,3.4351,0.067342,1182.3,1429.9,16970,4024.4,1015.6,15786,30575
0.71711,0.65142,8.03E+07,2.7197,0.016945,0.25814,0.47083,0.69988,2.1743,0.16828,0.52446,0.37078,0.44983,0.46329,4.0203,0.047114,4563.9,6.58E-05,15164,3083.3,4989.9,5828.4,30580
0.57943,0.49912,1.37E+08,1.2768,0.012653,0.668,0.40744,0.30001,1.5051,0.73028,0.44497,0.43668,0.65439,0.99997,4.5499,0.14777,4999.4,2470.4,17695,3941.1,2424.9,2167.6,30583
0.22851,0.158,1.88E+08,1.7931,0.011885,0.13416,0.75411,0.30001,1.4984,0.12238,0.64481,0.69993,0.064239,0.99995,6.7043,0.43849,1368.8,1488,10349,3807,2859.5,17341,30759
0.052946,0.024021,5.83E+07,1.8992,0.009822,0.1,0.9,0.5403,1.9034,0.1,0.2908,0.3,2.86E-07,0.002885,3.4438,0.97128,990.06,4989.1,19168,4825.5,4098.1,18645,30785
0.10449,0.021304,1.52E+08,1.4827,0.010183,0.89825,0.15169,0.7,2.1755,0.37959,0.1848,0.66517,0.57676,0.57676,6.3713,0.14992,11.705,4609.3,14700,4065.9,4999.6,6127.3,30892
0.06369,2.22E-10,3.39E+07,2.956,0.012543,0.17586,0.13795,0.3,1.4833,0.12544,0.1,0.7,0.14013,0.16843,6.6181,0.37825,4917.6,4865.1,8225.2,4625.3,3445.7,13496,30958
0.081337,1.89E-07,1.12E+08,2.1697,0.011067,0.26018,0.27551,0.58904,1.9906,0.10004,0.10495,0.44377,0.99999,0.99999,4.598,0.67947,3571.4,4234.3,1921.7,65.225,1629.6,8867.9,30977
0.091157,0.0027036,1.46E+08,1.8545,0.011993,0.24653,0.25007,0.30942,1.5203,0.39899,0.1,0.65542,0.99944,0.99946,6.3059,0.096965,1876.1,4981.8,8496.4,4531.5,648.93,3917.2,31007
0.19295,0.11669,8.93E+07,2.1256,0.011877,0.28463,0.22503,0.30001,1.47,0.161,0.2661,0.58957,0.96403,0.96423,5.7822,0.36573,1333,4999.8,2413.2,4631.7,4087.6,739.92,31042
0.067614,2.51E-05,4.53E+07,1.1556,0.011651,0.35097,0.66409,0.30016,1.5241,0.30562,0.12696,0.7,2.41E-06,0.79109,6.6237,0.99285,3478.7,3014.7,7512,1755.9,5000,8432.7,31069
0.16876,0.13087,2.32E+07,3.2001,0.011109,0.14136,0.24412,0.30044,1.4982,0.38115,0.11323,0.7,0.024224,0.059036,6.7257,0.024441,2859,1979,6967.4,2429.1,3958.1,9007.2,31112
0.14117,0.064276,1.68E+08,2.3043,0.010483,0.59992,0.1,0.7,2.1263,0.20472,0.10036,0.49058,0.01207,0.89408,5.0257,0.44496,1855,4580,14879,4579.9,448.47,15400,31121
0.48353,0.40312,1.83E+08,4.0275,0.012891,0.10223,0.28014,0.3128,1.526,0.22959,0.1,0.30024,0.51719,0.53324,3.4497,0.0059194,3310.6,4440.4,570.24,2987.5,2147.7,12035,31157
0.089521,1.22E-05,1.58E+08,2.3505,0.014013,0.12111,0.31046,0.30227,1.5068,0.19852,0.14331,0.69997,0.99569,0.99992,6.6211,0.084602,509.23,4999.6,14344,4999.9,4999.8,1696.1,31192
0.024107,9.30E-10,2.68E+07,3.7591,0.0095199,0.1,0.13719,0.3,1.5019,0.18633,0.1,0.3,0.00068972,0.88362,3.4305,0.00097865,4979.9,2118.9,18439,2900.6,5000,9884,31243
0.024107,9.30E-10,2.68E+07,3.7591,0.0095199,0.1,0.13719,0.3,1.5019,0.18633,0.1,0.3,0.00068972,0.88362,3.4305,0.00097865,4979.9,2118.9,18439,2900.6,5000,9884,31243
0.46899,0.39653,1.00E+08,1.5652,0.013123,0.50227,0.4237,0.45094,1.7584,0.14887,0.40427,0.30001,0.99304,0.99307,3.4638,0.972,303.31,4180.9,8008.7,4416.6,0.94601,8820.2,31337
0.088879,0.0036882,1.88E+08,1.9145,0.0098962,0.75434,0.10245,0.7,2.1758,0.40524,0.10354,0.69894,0.35725,0.9924,6.6874,0.069128,4214.6,4615.3,13019,1277.2,3639.2,9643.3,31340
0.072715,8.51E-06,1.87E+07,2.7709,0.030982,0.11249,0.2503,0.3,1.4756,0.1004,0.1115,0.65826,0.71241,0.92073,6.3707,0.40537,4975.5,1.7542,4132.4,1649.1,2375.2,9658.2,31418
0.15083,0.11656,4.22E+07,1.9901,0.010877,0.10408,0.9,0.30001,1.5008,0.10172,0.55169,0.30001,0.023219,0.050675,3.4647,0.068044,3000.4,2529.4,15950,4494.5,4418,591.75,31437
0.15672,0.095434,5.46E+06,1.2347,0.025546,0.72187,0.2139,0.31274,1.503,0.63132,0.12791,0.3,0.38163,0.3822,3.5076,0.077972,4075.8,4548.2,12939,0.24671,2291.1,13806,31482
0.095571,0.017009,1.46E+08,0.82144,0.010664,0.72982,0.64675,0.62536,2.0506,0.17626,0.395,0.30324,0.81729,0.84499,3.4658,0.49865,3194.2,552.54,11210,5.09E-10,1912.2,18601,31574
0.20534,0.17156,4.22E+07,2.1769,0.011091,0.1,0.9,0.30663,1.5127,0.10031,0.64015,0.44542,2.65E-07,0.033846,4.6396,0.34392,517.87,1507.3,12070,1524,4404.2,1349.2,31637
0.20396,0.12112,1.70E+08,0.92004,0.012247,0.48245,0.72029,0.37532,1.6251,0.5021,0.46649,0.38831,0.97091,0.99983,4.16,0.03297,2301.2,11.828,20000,4849.6,4915.3,647.15,31761
0.53615,0.47014,6.00E+06,4.3295,0.062126,0.11943,0.32813,0.66728,2.0038,0.11925,0.1,0.3712,0.71776,0.7178,4.1346,0.99425,3962.9,1076.5,4912.2,173.12,3846.1,1384.6,31829
0.057524,0.016427,1.38E+07,1.4926,0.011029,0.39287,0.33468,0.30001,1.4955,0.4293,0.13887,0.41083,1.70E-06,0.046892,4.3409,0.32661,55.779,4964.4,12593,1823.9,3978.8,4566.3,31962
0.079808,6.08E-08,1.93E+08,1.4567,0.0099276,0.55649,0.26365,0.7,2.1765,0.39108,0.12496,0.7,0.23977,0.31646,6.6558,0.30698,1293,2720,11865,3481.7,1163,18152,31997
0.036358,0.0033137,1.39E+07,0.80524,0.010105,0.73846,0.76717,0.3,1.4899,0.83891,0.44489,0.69999,0.017935,0.059728,6.6637,0.016378,225.22,3090.3,1004.7,1842.8,4461,8820.7,32062
0.35889,0.28476,1.56E+08,4.2471,0.013321,0.16504,0.18543,0.69999,2.1769,0.17796,0.1718,0.64155,0.40788,0.40789,6.2021,0.052076,1573.7,995.4,20000,4999.9,4536.1,4996.5,32079
0.40101,0.32682,1.89E+08,2.5026,0.011837,0.18495,0.32325,0.30001,1.5046,0.31081,0.11042,0.51546,0.16266,0.16269,5.2271,0.99996,1063.4,4052.5,16344,2118.8,3232.9,16202,32104
0.085212,0.00050134,1.66E+08,2.3124,0.011121,0.20861,0.17454,0.30002,1.4895,0.21172,0.12001,0.61353,0.59978,0.59984,5.9198,0.044071,2891.4,2764.9,12053,762.23,2488,10931,32134
0.025117,4.29E-06,4.08E+07,1.0858,0.0095476,0.21294,0.89998,0.30002,1.5014,0.21047,0.89998,0.3437,0.0030728,0.045093,3.7912,0.040202,3338.8,3766.1,15514,3166,173.03,14217,32173
,,,,,,,,,,,,,,,,,,,,,,
,,,,,,,,,,,,,,,,,,,,,,
,,,,,,,,,,,,,,,,,,,,,,
,,,,,,,,,,,,,,,,,,,,,,
,,,,,,,,,,,,,,,,,,,,,,
,,,,,,,,,,,,,,,,,,,,,,
,,,,,,,,,,,,,,,,,,,,,,
,,,,,,,,,,,,,,,,,,,,,,
,,,,,,,,,,,,,,,,,,,,,,
,,,,,,,,,,,,,,,,,,,,,,
,,,,,,,,,,,,,,,,,,,,,,
,,,,,,,,,,,,,,,,,,,,,,
,,,,,,,,,,,,,,,,,,,,,,
,,,,,,,,,,,,,,,,,,,,,,
,,,,,,,,,,,,,,,,,,,,,,
,,,,,,,,,,,,,,,,,,,,,,
,,,,,,,,,,,,,,,,,,,,,,
,,,,,,,,,,,,,,,,,,,,,,
,,,,,,,,,,,,,,,,,,,,,,
,,,,,,,,,,,,,,,,,,,,,,
,,,,,,,,,,,,,,,,,,,,,,
,,,,,,,,,,,,,,,,,,,,,,
,,,,,,,,,,,,,,,,,,,,,,
,,,,,,,,,,,,,,,,,,,,,,
,,,,,,,,,,,,,,,,,,,,,,
,,,,,,,,,,,,,,,,,,,,,,
,,,,,,,,,,,,,,,,,,,,,,
,,,,,,,,,,,,,,,,,,,,,,
,,,,,,,,,,,,,,,,,,,,,,
,,,,,,,,,,,,,,,,,,,,,,
,,,,,,,,,,,,,,,,,,,,,,
,,,,,,,,,,,,,,,,,,,,,,
,,,,,,,,,,,,,,,,,,,,,,
,,,,,,,,,,,,,,,,,,,,,,
,,,,,,,,,,,,,,,,,,,,,,
,,,,,,,,,,,,,,,,,,,,,,
,,,,,,,,,,,,,,,,,,,,,,
,,,,,,,,,,,,,,,,,,,,,,
,,,,,,,,,,,,,,,,,,,,,,
,,,,,,,,,,,,,,,,,,,,,,
,,,,,,,,,,,,,,,,,,,,,,
,,,,,,,,,,,,,,,,,,,,,,
,,,,,,,,,,,,,,,,,,,,,,
,,,,,,,,,,,,,,,,,,,,,,
,,,,,,,,,,,,,,,,,,,,,,
,,,,,,,,,,,,,,,,,,,,,,
,,,,,,,,,,,,,,,,,,,,,,
,,,,,,,,,,,,,,,,,,,,,,
,,,,,,,,,,,,,,,,,,,,,,
,,,,,,,,,,,,,,,,,,,,,,
,,,,,,,,,,,,,,,,,,,,,,
,,,,,,,,,,,,,,,,,,,,,,
,,,,,,,,,,,,,,,,,,,,,,
,,,,,,,,,,,,,,,,,,,,,,
,,,,,,,,,,,,,,,,,,,,,,
,,,,,,,,,,,,,,,,,,,,,,
,,,,,,,,,,,,,,,,,,,,,,
,,,,,,,,,,,,,,,,,,,,,,
,,,,,,,,,,,,,,,,,,,,,,
,,,,,,,,,,,,,,,,,,,,,,
,,,,,,,,,,,,,,,,,,,,,,
,,,,,,,,,,,,,,,,,,,,,,
,,,,,,,,,,,,,,,,,,,,,,
,,,,,,,,,,,,,,,,,,,,,,
,,,,,,,,,,,,,,,,,,,,,,
,,,,,,,,,,,,,,,,,,,,,,
,,,,,,,,,,,,,,,,,,,,,,
,,,,,,,,,,,,,,,,,,,,,,
,,,,,,,,,,,,,,,,,,,,,,
,,,,,,,,,,,,,,,,,,,,,,
,,,,,,,,,,,,,,,,,,,,,,
,,,,,,,,,,,,,,,,,,,,,,
,,,,,,,,,,,,,,,,,,,,,,
,,,,,,,,,,,,,,,,,,,,,,
,,,,,,,,,,,,,,,,,,,,,,
,,,,,,,,,,,,,,,,,,,,,,
,,,,,,,,,,,,,,,,,,,,,,
,,,,,,,,,,,,,,,,,,,,,,
,,,,,,,,,,,,,,,,,,,,,,
,,,,,,,,,,,,,,,,,,,,,,
,,,,,,,,,,,,,,,,,,,,,,
,,,,,,,,,,,,,,,,,,,,,,
,,,,,,,,,,,,,,,,,,,,,,
,,,,,,,,,,,,,,,,,,,,,,
,,,,,,,,,,,,,,,,,,,,,,
,,,,,,,,,,,,,,,,,,,,,,
,,,,,,,,,,,,,,,,,,,,,,
,,,,,,,,,,,,,,,,,,,,,,
,,,,,,,,,,,,,,,,,,,,,,
,,,,,,,,,,,,,,,,,,,,,,
,,,,,,,,,,,,,,,,,,,,,,
,,,,,,,,,,,,,,,,,,,,,,
,,,,,,,,,,,,,,,,,,,,,,
,,,,,,,,,,,,,,,,,,,,,,
,,,,,,,,,,,,,,,,,,,,,,
,,,,,,,,,,,,,,,,,,,,,,
,,,,,,,,,,,,,,,,,,,,,,
,,,,,,,,,,,,,,,,,,,,,,
,,,,,,,,,,,,,,,,,,,,,,
,,,,,,,,,,,,,,,,,,,,,,
,,,,,,,,,,,,,,,,,,,,,,
,,,,,,,,,,,,,,,,,,,,,,
,,,,,,,,,,,,,,,,,,,,,,
,,,,,,,,,,,,,,,,,,,,,,
,,,,,,,,,,,,,,,,,,,,,,
,,,,,,,,,,,,,,,,,,,,,,
,,,,,,,,,,,,,,,,,,,,,,
,,,,,,,,,,,,,,,,,,,,,,
,,,,,,,,,,,,,,,,,,,,,,
,,,,,,,,,,,,,,,,,,,,,,
,,,,,,,,,,,,,,,,,,,,,,
,,,,,,,,,,,,,,,,,,,,,,
,,,,,,,,,,,,,,,,,,,,,,
,,,,,,,,,,,,,,,,,,,,,,
,,,,,,,,,,,,,,,,,,,,,,
,,,,,,,,,,,,,,,,,,,,,,
,,,,,,,,,,,,,,,,,,,,,,
,,,,,,,,,,,,,,,,,,,,,,
,,,,,,,,,,,,,,,,,,,,,,
,,,,,,,,,,,,,,,,,,,,,,
,,,,,,,,,,,,,,,,,,,,,,
,,,,,,,,,,,,,,,,,,,,,,
,,,,,,,,,,,,,,,,,,,,,,
,,,,,,,,,,,,,,,,,,,,,,
,,,,,,,,,,,,,,,,,,,,,,
,,,,,,,,,,,,,,,,,,,,,,
,,,,,,,,,,,,,,,,,,,,,,
,,,,,,,,,,,,,,,,,,,,,,
,,,,,,,,,,,,,,,,,,,,,,
,,,,,,,,,,,,,,,,,,,,,,
,,,,,,,,,,,,,,,,,,,,,,
,,,,,,,,,,,,,,,,,,,,,,
,,,,,,,,,,,,,,,,,,,,,,
,,,,,,,,,,,,,,,,,,,,,,
,,,,,,,,,,,,,,,,,,,,,,
,,,,,,,,,,,,,,,,,,,,,,
,,,,,,,,,,,,,,,,,,,,,,
,,,,,,,,,,,,,,,,,,,,,,
,,,,,,,,,,,,,,,,,,,,,,
,,,,,,,,,,,,,,,,,,,,,,
,,,,,,,,,,,,,,,,,,,,,,
,,,,,,,,,,,,,,,,,,,,,,
,,,,,,,,,,,,,,,,,,,,,,
,,,,,,,,,,,,,,,,,,,,,,
,,,,,,,,,,,,,,,,,,,,,,
,,,,,,,,,,,,,,,,,,,,,,
,,,,,,,,,,,,,,,,,,,,,,
,,,,,,,,,,,,,,,,,,,,,,
,,,,,,,,,,,,,,,,,,,,,,
,,,,,,,,,,,,,,,,,,,,,,
,,,,,,,,,,,,,,,,,,,,,,
,,,,,,,,,,,,,,,,,,,,,,
,,,,,,,,,,,,,,,,,,,,,,
,,,,,,,,,,,,,,,,,,,,,,
,,,,,,,,,,,,,,,,,,,,,,
,,,,,,,,,,,,,,,,,,,,,,
,,,,,,,,,,,,,,,,,,,,,,
,,,,,,,,,,,,,,,,,,,,,,
,,,,,,,,,,,,,,,,,,,,,,
,,,,,,,,,,,,,,,,,,,,,,
,,,,,,,,,,,,,,,,,,,,,,
,,,,,,,,,,,,,,,,,,,,,,
,,,,,,,,,,,,,,,,,,,,,,
,,,,,,,,,,,,,,,,,,,,,,
,,,,,,,,,,,,,,,,,,,,,,
,,,,,,,,,,,,,,,,,,,,,,
,,,,,,,,,,,,,,,,,,,,,,
,,,,,,,,,,,,,,,,,,,,,,
,,,,,,,,,,,,,,,,,,,,,,
,,,,,,,,,,,,,,,,,,,,,,
,,,,,,,,,,,,,,,,,,,,,,
,,,,,,,,,,,,,,,,,,,,,,
,,,,,,,,,,,,,,,,,,,,,,
,,,,,,,,,,,,,,,,,,,,,,
,,,,,,,,,,,,,,,,,,,,,,
,,,,,,,,,,,,,,,,,,,,,,
,,,,,,,,,,,,,,,,,,,,,,
,,,,,,,,,,,,,,,,,,,,,,
,,,,,,,,,,,,,,,,,,,,,,
,,,,,,,,,,,,,,,,,,,,,,
,,,,,,,,,,,,,,,,,,,,,,
,,,,,,,,,,,,,,,,,,,,,,
,,,,,,,,,,,,,,,,,,,,,,
,,,,,,,,,,,,,,,,,,,,,,
,,,,,,,,,,,,,,,,,,,,,,
,,,,,,,,,,,,,,,,,,,,,,
,,,,,,,,,,,,,,,,,,,,,,
,,,,,,,,,,,,,,,,,,,,,,
,,,,,,,,,,,,,,,,,,,,,,
,,,,,,,,,,,,,,,,,,,,,,
,,,,,,,,,,,,,,,,,,,,,,
,,,,,,,,,,,,,,,,,,,,,,
,,,,,,,,,,,,,,,,,,,,,,
,,,,,,,,,,,,,,,,,,,,,,
,,,,,,,,,,,,,,,,,,,,,,
,,,,,,,,,,,,,,,,,,,,,,
,,,,,,,,,,,,,,,,,,,,,,
,,,,,,,,,,,,,,,,,,,,,,
,,,,,,,,,,,,,,,,,,,,,,
,,,,,,,,,,,,,,,,,,,,,,
,,,,,,,,,,,,,,,,,,,,,,
,,,,,,,,,,,,,,,,,,,,,,
,,,,,,,,,,,,,,,,,,,,,,
,,,,,,,,,,,,,,,,,,,,,,
,,,,,,,,,,,,,,,,,,,,,,
,,,,,,,,,,,,,,,,,,,,,,
,,,,,,,,,,,,,,,,,,,,,,
,,,,,,,,,,,,,,,,,,,,,,
,,,,,,,,,,,,,,,,,,,,,,
,,,,,,,,,,,,,,,,,,,,,,
,,,,,,,,,,,,,,,,,,,,,,
,,,,,,,,,,,,,,,,,,,,,,
,,,,,,,,,,,,,,,,,,,,,,
,,,,,,,,,,,,,,,,,,,,,,
,,,,,,,,,,,,,,,,,,,,,,
,,,,,,,,,,,,,,,,,,,,,,
,,,,,,,,,,,,,,,,,,,,,,
,,,,,,,,,,,,,,,,,,,,,,
,,,,,,,,,,,,,,,,,,,,,,
,,,,,,,,,,,,,,,,,,,,,,
,,,,,,,,,,,,,,,,,,,,,,
,,,,,,,,,,,,,,,,,,,,,,
,,,,,,,,,,,,,,,,,,,,,,
,,,,,,,,,,,,,,,,,,,,,,
,,,,,,,,,,,,,,,,,,,,,,
,,,,,,,,,,,,,,,,,,,,,,
,,,,,,,,,,,,,,,,,,,,,,
,,,,,,,,,,,,,,,,,,,,,,
,,,,,,,,,,,,,,,,,,,,,,
,,,,,,,,,,,,,,,,,,,,,,
,,,,,,,,,,,,,,,,,,,,,,
,,,,,,,,,,,,,,,,,,,,,,
,,,,,,,,,,,,,,,,,,,,,,
,,,,,,,,,,,,,,,,,,,,,,
,,,,,,,,,,,,,,,,,,,,,,
,,,,,,,,,,,,,,,,,,,,,,
,,,,,,,,,,,,,,,,,,,,,,
,,,,,,,,,,,,,,,,,,,,,,
,,,,,,,,,,,,,,,,,,,,,,
,,,,,,,,,,,,,,,,,,,,,,
,,,,,,,,,,,,,,,,,,,,,,
,,,,,,,,,,,,,,,,,,,,,,
,,,,,,,,,,,,,,,,,,,,,,
,,,,,,,,,,,,,,,,,,,,,,
,,,,,,,,,,,,,,,,,,,,,,
,,,,,,,,,,,,,,,,,,,,,,
,,,,,,,,,,,,,,,,,,,,,,
,,,,,,,,,,,,,,,,,,,,,,
,,,,,,,,,,,,,,,,,,,,,,
,,,,,,,,,,,,,,,,,,,,,,
,,,,,,,,,,,,,,,,,,,,,,
,,,,,,,,,,,,,,,,,,,,,,
,,,,,,,,,,,,,,,,,,,,,,
,,,,,,,,,,,,,,,,,,,,,,
,,,,,,,,,,,,,,,,,,,,,,
,,,,,,,,,,,,,,,,,,,,,,
,,,,,,,,,,,,,,,,,,,,,,
,,,,,,,,,,,,,,,,,,,,,,
,,,,,,,,,,,,,,,,,,,,,,
,,,,,,,,,,,,,,,,,,,,,,
,,,,,,,,,,,,,,,,,,,,,,
,,,,,,,,,,,,,,,,,,,,,,
,,,,,,,,,,,,,,,,,,,,,,
,,,,,,,,,,,,,,,,,,,,,,
,,,,,,,,,,,,,,,,,,,,,,
,,,,,,,,,,,,,,,,,,,,,,
,,,,,,,,,,,,,,,,,,,,,,
,,,,,,,,,,,,,,,,,,,,,,
,,,,,,,,,,,,,,,,,,,,,,
,,,,,,,,,,,,,,,,,,,,,,
,,,,,,,,,,,,,,,,,,,,,,
,,,,,,,,,,,,,,,,,,,,,,
,,,,,,,,,,,,,,,,,,,,,,
,,,,,,,,,,,,,,,,,,,,,,
,,,,,,,,,,,,,,,,,,,,,,
,,,,,,,,,,,,,,,,,,,,,,
,,,,,,,,,,,,,,,,,,,,,,
,,,,,,,,,,,,,,,,,,,,,,
,,,,,,,,,,,,,,,,,,,,,,
,,,,,,,,,,,,,,,,,,,,,,
,,,,,,,,,,,,,,,,,,,,,,
,,,,,,,,,,,,,,,,,,,,,,
,,,,,,,,,,,,,,,,,,,,,,
,,,,,,,,,,,,,,,,,,,,,,
,,,,,,,,,,,,,,,,,,,,,,
,,,,,,,,,,,,,,,,,,,,,,
,,,,,,,,,,,,,,,,,,,,,,
,,,,,,,,,,,,,,,,,,,,,,
,,,,,,,,,,,,,,,,,,,,,,
,,,,,,,,,,,,,,,,,,,,,,
,,,,,,,,,,,,,,,,,,,,,,
,,,,,,,,,,,,,,,,,,,,,,
,,,,,,,,,,,,,,,,,,,,,,
,,,,,,,,,,,,,,,,,,,,,,
,,,,,,,,,,,,,,,,,,,,,,
,,,,,,,,,,,,,,,,,,,,,,
,,,,,,,,,,,,,,,,,,,,,,
,,,,,,,,,,,,,,,,,,,,,,
,,,,,,,,,,,,,,,,,,,,,,
,,,,,,,,,,,,,,,,,,,,,,
,,,,,,,,,,,,,,,,,,,,,,
,,,,,,,,,,,,,,,,,,,,,,
,,,,,,,,,,,,,,,,,,,,,,
,,,,,,,,,,,,,,,,,,,,,,
,,,,,,,,,,,,,,,,,,,,,,
,,,,,,,,,,,,,,,,,,,,,,
,,,,,,,,,,,,,,,,,,,,,,
,,,,,,,,,,,,,,,,,,,,,,
,,,,,,,,,,,,,,,,,,,,,,
,,,,,,,,,,,,,,,,,,,,,,
,,,,,,,,,,,,,,,,,,,,,,
,,,,,,,,,,,,,,,,,,,,,,
,,,,,,,,,,,,,,,,,,,,,,
,,,,,,,,,,,,,,,,,,,,,,
,,,,,,,,,,,,,,,,,,,,,,
,,,,,,,,,,,,,,,,,,,,,,
,,,,,,,,,,,,,,,,,,,,,,
,,,,,,,,,,,,,,,,,,,,,,
,,,,,,,,,,,,,,,,,,,,,,
,,,,,,,,,,,,,,,,,,,,,,
,,,,,,,,,,,,,,,,,,,,,,
,,,,,,,,,,,,,,,,,,,,,,
,,,,,,,,,,,,,,,,,,,,,,
,,,,,,,,,,,,,,,,,,,,,,
,,,,,,,,,,,,,,,,,,,,,,
,,,,,,,,,,,,,,,,,,,,,,
,,,,,,,,,,,,,,,,,,,,,,
,,,,,,,,,,,,,,,,,,,,,,
,,,,,,,,,,,,,,,,,,,,,,
,,,,,,,,,,,,,,,,,,,,,,
,,,,,,,,,,,,,,,,,,,,,,
,,,,,,,,,,,,,,,,,,,,,,
,,,,,,,,,,,,,,,,,,,,,,
,,,,,,,,,,,,,,,,,,,,,,
,,,,,,,,,,,,,,,,,,,,,,
,,,,,,,,,,,,,,,,,,,,,,
,,,,,,,,,,,,,,,,,,,,,,
,,,,,,,,,,,,,,,,,,,,,,
,,,,,,,,,,,,,,,,,,,,,,
,,,,,,,,,,,,,,,,,,,,,,
,,,,,,,,,,,,,,,,,,,,,,
,,,,,,,,,,,,,,,,,,,,,,
,,,,,,,,,,,,,,,,,,,,,,
,,,,,,,,,,,,,,,,,,,,,,
,,,,,,,,,,,,,,,,,,,,,,
,,,,,,,,,,,,,,,,,,,,,,
,,,,,,,,,,,,,,,,,,,,,,
,,,,,,,,,,,,,,,,,,,,,,
,,,,,,,,,,,,,,,,,,,,,,
,,,,,,,,,,,,,,,,,,,,,,
,,,,,,,,,,,,,,,,,,,,,,
,,,,,,,,,,,,,,,,,,,,,,
,,,,,,,,,,,,,,,,,,,,,,
,,,,,,,,,,,,,,,,,,,,,,
,,,,,,,,,,,,,,,,,,,,,,
,,,,,,,,,,,,,,,,,,,,,,
,,,,,,,,,,,,,,,,,,,,,,
,,,,,,,,,,,,,,,,,,,,,,
,,,,,,,,,,,,,,,,,,,,,,
,,,,,,,,,,,,,,,,,,,,,,
,,,,,,,,,,,,,,,,,,,,,,
,,,,,,,,,,,,,,,,,,,,,,
,,,,,,,,,,,,,,,,,,,,,,
,,,,,,,,,,,,,,,,,,,,,,
,,,,,,,,,,,,,,,,,,,,,,
,,,,,,,,,,,,,,,,,,,,,,
,,,,,,,,,,,,,,,,,,,,,,
,,,,,,,,,,,,,,,,,,,,,,
,,,,,,,,,,,,,,,,,,,,,,
,,,,,,,,,,,,,,,,,,,,,,
,,,,,,,,,,,,,,,,,,,,,,
,,,,,,,,,,,,,,,,,,,,,,
,,,,,,,,,,,,,,,,,,,,,,
,,,,,,,,,,,,,,,,,,,,,,
,,,,,,,,,,,,,,,,,,,,,,
,,,,,,,,,,,,,,,,,,,,,,
,,,,,,,,,,,,,,,,,,,,,,
,,,,,,,,,,,,,,,,,,,,,,
,,,,,,,,,,,,,,,,,,,,,,
,,,,,,,,,,,,,,,,,,,,,,
,,,,,,,,,,,,,,,,,,,,,,
,,,,,,,,,,,,,,,,,,,,,,
,,,,,,,,,,,,,,,,,,,,,,
,,,,,,,,,,,,,,,,,,,,,,
,,,,,,,,,,,,,,,,,,,,,,
,,,,,,,,,,,,,,,,,,,,,,
,,,,,,,,,,,,,,,,,,,,,,
,,,,,,,,,,,,,,,,,,,,,,
,,,,,,,,,,,,,,,,,,,,,,
,,,,,,,,,,,,,,,,,,,,,,
,,,,,,,,,,,,,,,,,,,,,,
,,,,,,,,,,,,,,,,,,,,,,
,,,,,,,,,,,,,,,,,,,,,,
,,,,,,,,,,,,,,,,,,,,,,
,,,,,,,,,,,,,,,,,,,,,,
,,,,,,,,,,,,,,,,,,,,,,
,,,,,,,,,,,,,,,,,,,,,,
,,,,,,,,,,,,,,,,,,,,,,
,,,,,,,,,,,,,,,,,,,,,,
,,,,,,,,,,,,,,,,,,,,,,
,,,,,,,,,,,,,,,,,,,,,,
,,,,,,,,,,,,,,,,,,,,,,
,,,,,,,,,,,,,,,,,,,,,,
,,,,,,,,,,,,,,,,,,,,,,
,,,,,,,,,,,,,,,,,,,,,,
,,,,,,,,,,,,,,,,,,,,,,
,,,,,,,,,,,,,,,,,,,,,,
,,,,,,,,,,,,,,,,,,,,,,
,,,,,,,,,,,,,,,,,,,,,,
,,,,,,,,,,,,,,,,,,,,,,
,,,,,,,,,,,,,,,,,,,,,,
,,,,,,,,,,,,,,,,,,,,,,
,,,,,,,,,,,,,,,,,,,,,,
,,,,,,,,,,,,,,,,,,,,,,
,,,,,,,,,,,,,,,,,,,,,,
,,,,,,,,,,,,,,,,,,,,,,
,,,,,,,,,,,,,,,,,,,,,,
,,,,,,,,,,,,,,,,,,,,,,
,,,,,,,,,,,,,,,,,,,,,,
,,,,,,,,,,,,,,,,,,,,,,
,,,,,,,,,,,,,,,,,,,,,,
,,,,,,,,,,,,,,,,,,,,,,
,,,,,,,,,,,,,,,,,,,,,,
,,,,,,,,,,,,,,,,,,,,,,
,,,,,,,,,,,,,,,,,,,,,,
,,,,,,,,,,,,,,,,,,,,,,
,,,,,,,,,,,,,,,,,,,,,,
,,,,,,,,,,,,,,,,,,,,,,
,,,,,,,,,,,,,,,,,,,,,,
,,,,,,,,,,,,,,,,,,,,,,
,,,,,,,,,,,,,,,,,,,,,,
,,,,,,,,,,,,,,,,,,,,,,
,,,,,,,,,,,,,,,,,,,,,,
,,,,,,,,,,,,,,,,,,,,,,
,,,,,,,,,,,,,,,,,,,,,,
,,,,,,,,,,,,,,,,,,,,,,
,,,,,,,,,,,,,,,,,,,,,,
,,,,,,,,,,,,,,,,,,,,,,
,,,,,,,,,,,,,,,,,,,,,,
,,,,,,,,,,,,,,,,,,,,,,
,,,,,,,,,,,,,,,,,,,,,,
,,,,,,,,,,,,,,,,,,,,,,
,,,,,,,,,,,,,,,,,,,,,,
,,,,,,,,,,,,,,,,,,,,,,
,,,,,,,,,,,,,,,,,,,,,,
,,,,,,,,,,,,,,,,,,,,,,
,,,,,,,,,,,,,,,,,,,,,,
,,,,,,,,,,,,,,,,,,,,,,
,,,,,,,,,,,,,,,,,,,,,,
,,,,,,,,,,,,,,,,,,,,,,
,,,,,,,,,,,,,,,,,,,,,,
,,,,,,,,,,,,,,,,,,,,,,
,,,,,,,,,,,,,,,,,,,,,,
,,,,,,,,,,,,,,,,,,,,,,
,,,,,,,,,,,,,,,,,,,,,,
,,,,,,,,,,,,,,,,,,,,,,
,,,,,,,,,,,,,,,,,,,,,,
,,,,,,,,,,,,,,,,,,,,,,
,,,,,,,,,,,,,,,,,,,,,,
,,,,,,,,,,,,,,,,,,,,,,
,,,,,,,,,,,,,,,,,,,,,,
,,,,,,,,,,,,,,,,,,,,,,
,,,,,,,,,,,,,,,,,,,,,,
,,,,,,,,,,,,,,,,,,,,,,
,,,,,,,,,,,,,,,,,,,,,,
,,,,,,,,,,,,,,,,,,,,,,
,,,,,,,,,,,,,,,,,,,,,,
,,,,,,,,,,,,,,,,,,,,,,
,,,,,,,,,,,,,,,,,,,,,,
,,,,,,,,,,,,,,,,,,,,,,
,,,,,,,,,,,,,,,,,,,,,,
,,,,,,,,,,,,,,,,,,,,,,
,,,,,,,,,,,,,,,,,,,,,,
,,,,,,,,,,,,,,,,,,,,,,
,,,,,,,,,,,,,,,,,,,,,,
,,,,,,,,,,,,,,,,,,,,,,
,,,,,,,,,,,,,,,,,,,,,,
,,,,,,,,,,,,,,,,,,,,,,
,,,,,,,,,,,,,,,,,,,,,,
,,,,,,,,,,,,,,,,,,,,,,
,,,,,,,,,,,,,,,,,,,,,,
,,,,,,,,,,,,,,,,,,,,,,
,,,,,,,,,,,,,,,,,,,,,,
,,,,,,,,,,,,,,,,,,,,,,
,,,,,,,,,,,,,,,,,,,,,,
,,,,,,,,,,,,,,,,,,,,,,
,,,,,,,,,,,,,,,,,,,,,,
,,,,,,,,,,,,,,,,,,,,,,
,,,,,,,,,,,,,,,,,,,,,,
,,,,,,,,,,,,,,,,,,,,,,
,,,,,,,,,,,,,,,,,,,,,,
,,,,,,,,,,,,,,,,,,,,,,
,,,,,,,,,,,,,,,,,,,,,,
,,,,,,,,,,,,,,,,,,,,,,
,,,,,,,,,,,,,,,,,,,,,,
,,,,,,,,,,,,,,,,,,,,,,
,,,,,,,,,,,,,,,,,,,,,,
,,,,,,,,,,,,,,,,,,,,,,
,,,,,,,,,,,,,,,,,,,,,,
,,,,,,,,,,,,,,,,,,,,,,
,,,,,,,,,,,,,,,,,,,,,,
,,,,,,,,,,,,,,,,,,,,,,
,,,,,,,,,,,,,,,,,,,,,,
,,,,,,,,,,,,,,,,,,,,,,
,,,,,,,,,,,,,,,,,,,,,,
,,,,,,,,,,,,,,,,,,,,,,
,,,,,,,,,,,,,,,,,,,,,,
,,,,,,,,,,,,,,,,,,,,,,
,,,,,,,,,,,,,,,,,,,,,,
,,,,,,,,,,,,,,,,,,,,,,
,,,,,,,,,,,,,,,,,,,,,,
,,,,,,,,,,,,,,,,,,,,,,
,,,,,,,,,,,,,,,,,,,,,,
,,,,,,,,,,,,,,,,,,,,,,
,,,,,,,,,,,,,,,,,,,,,,
,,,,,,,,,,,,,,,,,,,,,,
,,,,,,,,,,,,,,,,,,,,,,
,,,,,,,,,,,,,,,,,,,,,,
,,,,,,,,,,,,,,,,,,,,,,
,,,,,,,,,,,,,,,,,,,,,,
,,,,,,,,,,,,,,,,,,,,,,
,,,,,,,,,,,,,,,,,,,,,,
,,,,,,,,,,,,,,,,,,,,,,
,,,,,,,,,,,,,,,,,,,,,,
,,,,,,,,,,,,,,,,,,,,,,
,,,,,,,,,,,,,,,,,,,,,,
,,,,,,,,,,,,,,,,,,,,,,
,,,,,,,,,,,,,,,,,,,,,,
,,,,,,,,,,,,,,,,,,,,,,
,,,,,,,,,,,,,,,,,,,,,,
,,,,,,,,,,,,,,,,,,,,,,
,,,,,,,,,,,,,,,,,,,,,,
,,,,,,,,,,,,,,,,,,,,,,
,,,,,,,,,,,,,,,,,,,,,,
,,,,,,,,,,,,,,,,,,,,,,
,,,,,,,,,,,,,,,,,,,,,,
,,,,,,,,,,,,,,,,,,,,,,
,,,,,,,,,,,,,,,,,,,,,,
,,,,,,,,,,,,,,,,,,,,,,
,,,,,,,,,,,,,,,,,,,,,,
,,,,,,,,,,,,,,,,,,,,,,
,,,,,,,,,,,,,,,,,,,,,,
,,,,,,,,,,,,,,,,,,,,,,
,,,,,,,,,,,,,,,,,,,,,,
,,,,,,,,,,,,,,,,,,,,,,
,,,,,,,,,,,,,,,,,,,,,,
,,,,,,,,,,,,,,,,,,,,,,
,,,,,,,,,,,,,,,,,,,,,,
,,,,,,,,,,,,,,,,,,,,,,
,,,,,,,,,,,,,,,,,,,,,,
,,,,,,,,,,,,,,,,,,,,,,
,,,,,,,,,,,,,,,,,,,,,,
,,,,,,,,,,,,,,,,,,,,,,
,,,,,,,,,,,,,,,,,,,,,,
,,,,,,,,,,,,,,,,,,,,,,
,,,,,,,,,,,,,,,,,,,,,,
,,,,,,,,,,,,,,,,,,,,,,
,,,,,,,,,,,,,,,,,,,,,,
,,,,,,,,,,,,,,,,,,,,,,
,,,,,,,,,,,,,,,,,,,,,,
,,,,,,,,,,,,,,,,,,,,,,
,,,,,,,,,,,,,,,,,,,,,,
,,,,,,,,,,,,,,,,,,,,,,
,,,,,,,,,,,,,,,,,,,,,,
,,,,,,,,,,,,,,,,,,,,,,
,,,,,,,,,,,,,,,,,,,,,,
,,,,,,,,,,,,,,,,,,,,,,
,,,,,,,,,,,,,,,,,,,,,,
,,,,,,,,,,,,,,,,,,,,,,
,,,,,,,,,,,,,,,,,,,,,,
,,,,,,,,,,,,,,,,,,,,,,
,,,,,,,,,,,,,,,,,,,,,,
,,,,,,,,,,,,,,,,,,,,,,
,,,,,,,,,,,,,,,,,,,,,,
,,,,,,,,,,,,,,,,,,,,,,
,,,,,,,,,,,,,,,,,,,,,,
,,,,,,,,,,,,,,,,,,,,,,
,,,,,,,,,,,,,,,,,,,,,,
,,,,,,,,,,,,,,,,,,,,,,
,,,,,,,,,,,,,,,,,,,,,,
,,,,,,,,,,,,,,,,,,,,,,
,,,,,,,,,,,,,,,,,,,,,,
,,,,,,,,,,,,,,,,,,,,,,
,,,,,,,,,,,,,,,,,,,,,,
,,,,,,,,,,,,,,,,,,,,,,
,,,,,,,,,,,,,,,,,,,,,,
,,,,,,,,,,,,,,,,,,,,,,
,,,,,,,,,,,,,,,,,,,,,,
,,,,,,,,,,,,,,,,,,,,,,
,,,,,,,,,,,,,,,,,,,,,,
,,,,,,,,,,,,,,,,,,,,,,
,,,,,,,,,,,,,,,,,,,,,,
,,,,,,,,,,,,,,,,,,,,,,
,,,,,,,,,,,,,,,,,,,,,,
,,,,,,,,,,,,,,,,,,,,,,
,,,,,,,,,,,,,,,,,,,,,,
,,,,,,,,,,,,,,,,,,,,,,
,,,,,,,,,,,,,,,,,,,,,,
,,,,,,,,,,,,,,,,,,,,,,
,,,,,,,,,,,,,,,,,,,,,,
,,,,,,,,,,,,,,,,,,,,,,
,,,,,,,,,,,,,,,,,,,,,,
,,,,,,,,,,,,,,,,,,,,,,
,,,,,,,,,,,,,,,,,,,,,,
,,,,,,,,,,,,,,,,,,,,,,
,,,,,,,,,,,,,,,,,,,,,,
,,,,,,,,,,,,,,,,,,,,,,
,,,,,,,,,,,,,,,,,,,,,,
,,,,,,,,,,,,,,,,,,,,,,
,,,,,,,,,,,,,,,,,,,,,,
,,,,,,,,,,,,,,,,,,,,,,
,,,,,,,,,,,,,,,,,,,,,,
,,,,,,,,,,,,,,,,,,,,,,
,,,,,,,,,,,,,,,,,,,,,,
,,,,,,,,,,,,,,,,,,,,,,
,,,,,,,,,,,,,,,,,,,,,,
,,,,,,,,,,,,,,,,,,,,,,
,,,,,,,,,,,,,,,,,,,,,,
,,,,,,,,,,,,,,,,,,,,,,
,,,,,,,,,,,,,,,,,,,,,,
,,,,,,,,,,,,,,,,,,,,,,
,,,,,,,,,,,,,,,,,,,,,,
,,,,,,,,,,,,,,,,,,,,,,
,,,,,,,,,,,,,,,,,,,,,,
,,,,,,,,,,,,,,,,,,,,,,
,,,,,,,,,,,,,,,,,,,,,,
,,,,,,,,,,,,,,,,,,,,,,
,,,,,,,,,,,,,,,,,,,,,,
,,,,,,,,,,,,,,,,,,,,,,
,,,,,,,,,,,,,,,,,,,,,,
,,,,,,,,,,,,,,,,,,,,,,
,,,,,,,,,,,,,,,,,,,,,,
,,,,,,,,,,,,,,,,,,,,,,
,,,,,,,,,,,,,,,,,,,,,,
,,,,,,,,,,,,,,,,,,,,,,
,,,,,,,,,,,,,,,,,,,,,,
,,,,,,,,,,,,,,,,,,,,,,
,,,,,,,,,,,,,,,,,,,,,,
,,,,,,,,,,,,,,,,,,,,,,
,,,,,,,,,,,,,,,,,,,,,,
,,,,,,,,,,,,,,,,,,,,,,
,,,,,,,,,,,,,,,,,,,,,,
,,,,,,,,,,,,,,,,,,,,,,
,,,,,,,,,,,,,,,,,,,,,,
,,,,,,,,,,,,,,,,,,,,,,
,,,,,,,,,,,,,,,,,,,,,,
,,,,,,,,,,,,,,,,,,,,,,
,,,,,,,,,,,,,,,,,,,,,,
,,,,,,,,,,,,,,,,,,,,,,
,,,,,,,,,,,,,,,,,,,,,,
,,,,,,,,,,,,,,,,,,,,,,
,,,,,,,,,,,,,,,,,,,,,,
,,,,,,,,,,,,,,,,,,,,,,
,,,,,,,,,,,,,,,,,,,,,,
,,,,,,,,,,,,,,,,,,,,,,
,,,,,,,,,,,,,,,,,,,,,,
,,,,,,,,,,,,,,,,,,,,,,
,,,,,,,,,,,,,,,,,,,,,,
,,,,,,,,,,,,,,,,,,,,,,
,,,,,,,,,,,,,,,,,,,,,,
,,,,,,,,,,,,,,,,,,,,,,
,,,,,,,,,,,,,,,,,,,,,,
,,,,,,,,,,,,,,,,,,,,,,
,,,,,,,,,,,,,,,,,,,,,,
,,,,,,,,,,,,,,,,,,,,,,
,,,,,,,,,,,,,,,,,,,,,,
,,,,,,,,,,,,,,,,,,,,,,
,,,,,,,,,,,,,,,,,,,,,,
,,,,,,,,,,,,,,,,,,,,,,
,,,,,,,,,,,,,,,,,,,,,,
,,,,,,,,,,,,,,,,,,,,,,
,,,,,,,,,,,,,,,,,,,,,,
,,,,,,,,,,,,,,,,,,,,,,
,,,,,,,,,,,,,,,,,,,,,,
,,,,,,,,,,,,,,,,,,,,,,
,,,,,,,,,,,,,,,,,,,,,,
,,,,,,,,,,,,,,,,,,,,,,
,,,,,,,,,,,,,,,,,,,,,,
,,,,,,,,,,,,,,,,,,,,,,
,,,,,,,,,,,,,,,,,,,,,,
,,,,,,,,,,,,,,,,,,,,,,
,,,,,,,,,,,,,,,,,,,,,,
,,,,,,,,,,,,,,,,,,,,,,
,,,,,,,,,,,,,,,,,,,,,,
,,,,,,,,,,,,,,,,,,,,,,
,,,,,,,,,,,,,,,,,,,,,,
,,,,,,,,,,,,,,,,,,,,,,
,,,,,,,,,,,,,,,,,,,,,,
,,,,,,,,,,,,,,,,,,,,,,
,,,,,,,,,,,,,,,,,,,,,,
,,,,,,,,,,,,,,,,,,,,,,
,,,,,,,,,,,,,,,,,,,,,,
,,,,,,,,,,,,,,,,,,,,,,
,,,,,,,,,,,,,,,,,,,,,,
,,,,,,,,,,,,,,,,,,,,,,
,,,,,,,,,,,,,,,,,,,,,,
,,,,,,,,,,,,,,,,,,,,,,
,,,,,,,,,,,,,,,,,,,,,,
,,,,,,,,,,,,,,,,,,,,,,
,,,,,,,,,,,,,,,,,,,,,,
,,,,,,,,,,,,,,,,,,,,,,
,,,,,,,,,,,,,,,,,,,,,,
,,,,,,,,,,,,,,,,,,,,,,
,,,,,,,,,,,,,,,,,,,,,,
,,,,,,,,,,,,,,,,,,,,,,
,,,,,,,,,,,,,,,,,,,,,,
,,,,,,,,,,,,,,,,,,,,,,
,,,,,,,,,,,,,,,,,,,,,,
,,,,,,,,,,,,,,,,,,,,,,
,,,,,,,,,,,,,,,,,,,,,,
,,,,,,,,,,,,,,,,,,,,,,
,,,,,,,,,,,,,,,,,,,,,,
,,,,,,,,,,,,,,,,,,,,,,
,,,,,,,,,,,,,,,,,,,,,,
,,,,,,,,,,,,,,,,,,,,,,
,,,,,,,,,,,,,,,,,,,,,,
,,,,,,,,,,,,,,,,,,,,,,
,,,,,,,,,,,,,,,,,,,,,,
,,,,,,,,,,,,,,,,,,,,,,
,,,,,,,,,,,,,,,,,,,,,,
,,,,,,,,,,,,,,,,,,,,,,
,,,,,,,,,,,,,,,,,,,,,,
,,,,,,,,,,,,,,,,,,,,,,
,,,,,,,,,,,,,,,,,,,,,,
,,,,,,,,,,,,,,,,,,,,,,
,,,,,,,,,,,,,,,,,,,,,,
,,,,,,,,,,,,,,,,,,,,,,
,,,,,,,,,,,,,,,,,,,,,,
,,,,,,,,,,,,,,,,,,,,,,
,,,,,,,,,,,,,,,,,,,,,,
,,,,,,,,,,,,,,,,,,,,,,
,,,,,,,,,,,,,,,,,,,,,,
,,,,,,,,,,,,,,,,,,,,,,
,,,,,,,,,,,,,,,,,,,,,,
,,,,,,,,,,,,,,,,,,,,,,
,,,,,,,,,,,,,,,,,,,,,,
,,,,,,,,,,,,,,,,,,,,,,
,,,,,,,,,,,,,,,,,,,,,,
,,,,,,,,,,,,,,,,,,,,,,
,,,,,,,,,,,,,,,,,,,,,,
,,,,,,,,,,,,,,,,,,,,,,
,,,,,,,,,,,,,,,,,,,,,,
,,,,,,,,,,,,,,,,,,,,,,
,,,,,,,,,,,,,,,,,,,,,,
,,,,,,,,,,,,,,,,,,,,,,
,,,,,,,,,,,,,,,,,,,,,,
,,,,,,,,,,,,,,,,,,,,,,
,,,,,,,,,,,,,,,,,,,,,,
,,,,,,,,,,,,,,,,,,,,,,
,,,,,,,,,,,,,,,,,,,,,,
,,,,,,,,,,,,,,,,,,,,,,
,,,,,,,,,,,,,,,,,,,,,,
,,,,,,,,,,,,,,,,,,,,,,
,,,,,,,,,,,,,,,,,,,,,,
,,,,,,,,,,,,,,,,,,,,,,
,,,,,,,,,,,,,,,,,,,,,,
,,,,,,,,,,,,,,,,,,,,,,
,,,,,,,,,,,,,,,,,,,,,,
,,,,,,,,,,,,,,,,,,,,,,
,,,,,,,,,,,,,,,,,,,,,,
,,,,,,,,,,,,,,,,,,,,,,
,,,,,,,,,,,,,,,,,,,,,,
,,,,,,,,,,,,,,,,,,,,,,
,,,,,,,,,,,,,,,,,,,,,,
,,,,,,,,,,,,,,,,,,,,,,
,,,,,,,,,,,,,,,,,,,,,,
,,,,,,,,,,,,,,,,,,,,,,
,,,,,,,,,,,,,,,,,,,,,,
,,,,,,,,,,,,,,,,,,,,,,
,,,,,,,,,,,,,,,,,,,,,,
,,,,,,,,,,,,,,,,,,,,,,
,,,,,,,,,,,,,,,,,,,,,,
,,,,,,,,,,,,,,,,,,,,,,
,,,,,,,,,,,,,,,,,,,,,,
,,,,,,,,,,,,,,,,,,,,,,
,,,,,,,,,,,,,,,,,,,,,,
,,,,,,,,,,,,,,,,,,,,,,
,,,,,,,,,,,,,,,,,,,,,,
,,,,,,,,,,,,,,,,,,,,,,
,,,,,,,,,,,,,,,,,,,,,,
,,,,,,,,,,,,,,,,,,,,,,
,,,,,,,,,,,,,,,,,,,,,,
,,,,,,,,,,,,,,,,,,,,,,
,,,,,,,,,,,,,,,,,,,,,,
,,,,,,,,,,,,,,,,,,,,,,
,,,,,,,,,,,,,,,,,,,,,,
,,,,,,,,,,,,,,,,,,,,,,
,,,,,,,,,,,,,,,,,,,,,,
,,,,,,,,,,,,,,,,,,,,,,
,,,,,,,,,,,,,,,,,,,,,,
,,,,,,,,,,,,,,,,,,,,,,
,,,,,,,,,,,,,,,,,,,,,,
,,,,,,,,,,,,,,,,,,,,,,
,,,,,,,,,,,,,,,,,,,,,,
,,,,,,,,,,,,,,,,,,,,,,
,,,,,,,,,,,,,,,,,,,,,,
,,,,,,,,,,,,,,,,,,,,,,
,,,,,,,,,,,,,,,,,,,,,,
,,,,,,,,,,,,,,,,,,,,,,
,,,,,,,,,,,,,,,,,,,,,,
,,,,,,,,,,,,,,,,,,,,,,
,,,,,,,,,,,,,,,,,,,,,,
,,,,,,,,,,,,,,,,,,,,,,
,,,,,,,,,,,,,,,,,,,,,,
,,,,,,,,,,,,,,,,,,,,,,
,,,,,,,,,,,,,,,,,,,,,,
,,,,,,,,,,,,,,,,,,,,,,
,,,,,,,,,,,,,,,,,,,,,,
,,,,,,,,,,,,,,,,,,,,,,
,,,,,,,,,,,,,,,,,,,,,,
,,,,,,,,,,,,,,,,,,,,,,
,,,,,,,,,,,,,,,,,,,,,,
,,,,,,,,,,,,,,,,,,,,,,
,,,,,,,,,,,,,,,,,,,,,,
,,,,,,,,,,,,,,,,,,,,,,
,,,,,,,,,,,,,,,,,,,,,,
,,,,,,,,,,,,,,,,,,,,,,
,,,,,,,,,,,,,,,,,,,,,,
,,,,,,,,,,,,,,,,,,,,,,
,,,,,,,,,,,,,,,,,,,,,,
,,,,,,,,,,,,,,,,,,,,,,
,,,,,,,,,,,,,,,,,,,,,,
,,,,,,,,,,,,,,,,,,,,,,
,,,,,,,,,,,,,,,,,,,,,,
,,,,,,,,,,,,,,,,,,,,,,
,,,,,,,,,,,,,,,,,,,,,,
,,,,,,,,,,,,,,,,,,,,,,
,,,,,,,,,,,,,,,,,,,,,,
,,,,,,,,,,,,,,,,,,,,,,
,,,,,,,,,,,,,,,,,,,,,,
,,,,,,,,,,,,,,,,,,,,,,
,,,,,,,,,,,,,,,,,,,,,,
,,,,,,,,,,,,,,,,,,,,,,
,,,,,,,,,,,,,,,,,,,,,,
,,,,,,,,,,,,,,,,,,,,,,
,,,,,,,,,,,,,,,,,,,,,,
,,,,,,,,,,,,,,,,,,,,,,
,,,,,,,,,,,,,,,,,,,,,,
,,,,,,,,,,,,,,,,,,,,,,
,,,,,,,,,,,,,,,,,,,,,,
,,,,,,,,,,,,,,,,,,,,,,
,,,,,,,,,,,,,,,,,,,,,,
,,,,,,,,,,,,,,,,,,,,,,
,,,,,,,,,,,,,,,,,,,,,,
,,,,,,,,,,,,,,,,,,,,,,
,,,,,,,,,,,,,,,,,,,,,,
,,,,,,,,,,,,,,,,,,,,,,
,,,,,,,,,,,,,,,,,,,,,,
,,,,,,,,,,,,,,,,,,,,,,
,,,,,,,,,,,,,,,,,,,,,,
,,,,,,,,,,,,,,,,,,,,,,
,,,,,,,,,,,,,,,,,,,,,,
,,,,,,,,,,,,,,,,,,,,,,
,,,,,,,,,,,,,,,,,,,,,,
,,,,,,,,,,,,,,,,,,,,,,
,,,,,,,,,,,,,,,,,,,,,,
,,,,,,,,,,,,,,,,,,,,,,
,,,,,,,,,,,,,,,,,,,,,,
,,,,,,,,,,,,,,,,,,,,,,
,,,,,,,,,,,,,,,,,,,,,,
,,,,,,,,,,,,,,,,,,,,,,
,,,,,,,,,,,,,,,,,,,,,,
,,,,,,,,,,,,,,,,,,,,,,
,,,,,,,,,,,,,,,,,,,,,,
,,,,,,,,,,,,,,,,,,,,,,
,,,,,,,,,,,,,,,,,,,,,,
,,,,,,,,,,,,,,,,,,,,,,
,,,,,,,,,,,,,,,,,,,,,,
,,,,,,,,,,,,,,,,,,,,,,
,,,,,,,,,,,,,,,,,,,,,,
,,,,,,,,,,,,,,,,,,,,,,
,,,,,,,,,,,,,,,,,,,,,,
,,,,,,,,,,,,,,,,,,,,,,
,,,,,,,,,,,,,,,,,,,,,,
,,,,,,,,,,,,,,,,,,,,,,
,,,,,,,,,,,,,,,,,,,,,,
,,,,,,,,,,,,,,,,,,,,,,
,,,,,,,,,,,,,,,,,,,,,,
,,,,,,,,,,,,,,,,,,,,,,
,,,,,,,,,,,,,,,,,,,,,,
,,,,,,,,,,,,,,,,,,,,,,
,,,,,,,,,,,,,,,,,,,,,,
,,,,,,,,,,,,,,,,,,,,,,
,,,,,,,,,,,,,,,,,,,,,,
,,,,,,,,,,,,,,,,,,,,,,
,,,,,,,,,,,,,,,,,,,,,,
,,,,,,,,,,,,,,,,,,,,,,
,,,,,,,,,,,,,,,,,,,,,,
,,,,,,,,,,,,,,,,,,,,,,
,,,,,,,,,,,,,,,,,,,,,,
,,,,,,,,,,,,,,,,,,,,,,
,,,,,,,,,,,,,,,,,,,,,,
,,,,,,,,,,,,,,,,,,,,,,
,,,,,,,,,,,,,,,,,,,,,,
,,,,,,,,,,,,,,,,,,,,,,
,,,,,,,,,,,,,,,,,,,,,,
,,,,,,,,,,,,,,,,,,,,,,
,,,,,,,,,,,,,,,,,,,,,,
,,,,,,,,,,,,,,,,,,,,,,
,,,,,,,,,,,,,,,,,,,,,,
,,,,,,,,,,,,,,,,,,,,,,
,,,,,,,,,,,,,,,,,,,,,,
,,,,,,,,,,,,,,,,,,,,,,
,,,,,,,,,,,,,,,,,,,,,,
,,,,,,,,,,,,,,,,,,,,,,
,,,,,,,,,,,,,,,,,,,,,,
,,,,,,,,,,,,,,,,,,,,,,
,,,,,,,,,,,,,,,,,,,,,,
,,,,,,,,,,,,,,,,,,,,,,
,,,,,,,,,,,,,,,,,,,,,,
,,,,,,,,,,,,,,,,,,,,,,
,,,,,,,,,,,,,,,,,,,,,,
,,,,,,,,,,,,,,,,,,,,,,
,,,,,,,,,,,,,,,,,,,,,,
,,,,,,,,,,,,,,,,,,,,,,
,,,,,,,,,,,,,,,,,,,,,,
,,,,,,,,,,,,,,,,,,,,,,
,,,,,,,,,,,,,,,,,,,,,,
,,,,,,,,,,,,,,,,,,,,,,
,,,,,,,,,,,,,,,,,,,,,,
,,,,,,,,,,,,,,,,,,,,,,
,,,,,,,,,,,,,,,,,,,,,,
,,,,,,,,,,,,,,,,,,,,,,
,,,,,,,,,,,,,,,,,,,,,,
,,,,,,,,,,,,,,,,,,,,,,
,,,,,,,,,,,,,,,,,,,,,,
,,,,,,,,,,,,,,,,,,,,,,
,,,,,,,,,,,,,,,,,,,,,,
,,,,,,,,,,,,,,,,,,,,,,
,,,,,,,,,,,,,,,,,,,,,,
,,,,,,,,,,,,,,,,,,,,,,
,,,,,,,,,,,,,,,,,,,,,,
,,,,,,,,,,,,,,,,,,,,,,
,,,,,,,,,,,,,,,,,,,,,,
,,,,,,,,,,,,,,,,,,,,,,
,,,,,,,,,,,,,,,,,,,,,,
,,,,,,,,,,,,,,,,,,,,,,
,,,,,,,,,,,,,,,,,,,,,,
,,,,,,,,,,,,,,,,,,,,,,
,,,,,,,,,,,,,,,,,,,,,,
,,,,,,,,,,,,,,,,,,,,,,
,,,,,,,,,,,,,,,,,,,,,,
,,,,,,,,,,,,,,,,,,,,,,
,,,,,,,,,,,,,,,,,,,,,,
,,,,,,,,,,,,,,,,,,,,,,
,,,,,,,,,,,,,,,,,,,,,,
,,,,,,,,,,,,,,,,,,,,,,
,,,,,,,,,,,,,,,,,,,,,,
,,,,,,,,,,,,,,,,,,,,,,
,,,,,,,,,,,,,,,,,,,,,,
,,,,,,,,,,,,,,,,,,,,,,
,,,,,,,,,,,,,,,,,,,,,,
,,,,,,,,,,,,,,,,,,,,,,
,,,,,,,,,,,,,,,,,,,,,,
,,,,,,,,,,,,,,,,,,,,,,
,,,,,,,,,,,,,,,,,,,,,,
,,,,,,,,,,,,,,,,,,,,,,
,,,,,,,,,,,,,,,,,,,,,,
,,,,,,,,,,,,,,,,,,,,,,
,,,,,,,,,,,,,,,,,,,,,,
,,,,,,,,,,,,,,,,,,,,,,
,,,,,,,,,,,,,,,,,,,,,,
,,,,,,,,,,,,,,,,,,,,,,
,,,,,,,,,,,,,,,,,,,,,,
,,,,,,,,,,,,,,,,,,,,,,
,,,,,,,,,,,,,,,,,,,,,,
,,,,,,,,,,,,,,,,,,,,,,
,,,,,,,,,,,,,,,,,,,,,,
,,,,,,,,,,,,,,,,,,,,,,
,,,,,,,,,,,,,,,,,,,,,,
,,,,,,,,,,,,,,,,,,,,,,
,,,,,,,,,,,,,,,,,,,,,,
,,,,,,,,,,,,,,,,,,,,,,
,,,,,,,,,,,,,,,,,,,,,,
,,,,,,,,,,,,,,,,,,,,,,
,,,,,,,,,,,,,,,,,,,,,,
,,,,,,,,,,,,,,,,,,,,,,
,,,,,,,,,,,,,,,,,,,,,,
,,,,,,,,,,,,,,,,,,,,,,
,,,,,,,,,,,,,,,,,,,,,,
,,,,,,,,,,,,,,,,,,,,,,
,,,,,,,,,,,,,,,,,,,,,,
,,,,,,,,,,,,,,,,,,,,,,
,,,,,,,,,,,,,,,,,,,,,,
,,,,,,,,,,,,,,,,,,,,,,
,,,,,,,,,,,,,,,,,,,,,,
,,,,,,,,,,,,,,,,,,,,,,
,,,,,,,,,,,,,,,,,,,,,,
,,,,,,,,,,,,,,,,,,,,,,
,,,,,,,,,,,,,,,,,,,,,,
,,,,,,,,,,,,,,,,,,,,,,
,,,,,,,,,,,,,,,,,,,,,,
,,,,,,,,,,,,,,,,,,,,,,
,,,,,,,,,,,,,,,,,,,,,,
,,,,,,,,,,,,,,,,,,,,,,
,,,,,,,,,,,,,,,,,,,,,,
,,,,,,,,,,,,,,,,,,,,,,
,,,,,,,,,,,,,,,,,,,,,,
,,,,,,,,,,,,,,,,,,,,,,
,,,,,,,,,,,,,,,,,,,,,,
,,,,,,,,,,,,,,,,,,,,,,
,,,,,,,,,,,,,,,,,,,,,,
,,,,,,,,,,,,,,,,,,,,,,
,,,,,,,,,,,,,,,,,,,,,,
,,,,,,,,,,,,,,,,,,,,,,
,,,,,,,,,,,,,,,,,,,,,,
,,,,,,,,,,,,,,,,,,,,,,
,,,,,,,,,,,,,,,,,,,,,,
,,,,,,,,,,,,,,,,,,,,,,
,,,,,,,,,,,,,,,,,,,,,,
,,,,,,,,,,,,,,,,,,,,,,
,,,,,,,,,,,,,,,,,,,,,,
,,,,,,,,,,,,,,,,,,,,,,
,,,,,,,,,,,,,,,,,,,,,,
,,,,,,,,,,,,,,,,,,,,,,
,,,,,,,,,,,,,,,,,,,,,,
,,,,,,,,,,,,,,,,,,,,,,
,,,,,,,,,,,,,,,,,,,,,,
,,,,,,,,,,,,,,,,,,,,,,
,,,,,,,,,,,,,,,,,,,,,,
,,,,,,,,,,,,,,,,,,,,,,
,,,,,,,,,,,,,,,,,,,,,,
,,,,,,,,,,,,,,,,,,,,,,
,,,,,,,,,,,,,,,,,,,,,,
,,,,,,,,,,,,,,,,,,,,,,
,,,,,,,,,,,,,,,,,,,,,,
,,,,,,,,,,,,,,,,,,,,,,
,,,,,,,,,,,,,,,,,,,,,,
,,,,,,,,,,,,,,,,,,,,,,
,,,,,,,,,,,,,,,,,,,,,,
,,,,,,,,,,,,,,,,,,,,,,
,,,,,,,,,,,,,,,,,,,,,,
,,,,,,,,,,,,,,,,,,,,,,
,,,,,,,,,,,,,,,,,,,,,,
,,,,,,,,,,,,,,,,,,,,,,
,,,,,,,,,,,,,,,,,,,,,,
,,,,,,,,,,,,,,,,,,,,,,
,,,,,,,,,,,,,,,,,,,,,,
,,,,,,,,,,,,,,,,,,,,,,
,,,,,,,,,,,,,,,,,,,,,,
,,,,,,,,,,,,,,,,,,,,,,
,,,,,,,,,,,,,,,,,,,,,,
,,,,,,,,,,,,,,,,,,,,,,
,,,,,,,,,,,,,,,,,,,,,,
,,,,,,,,,,,,,,,,,,,,,,
,,,,,,,,,,,,,,,,,,,,,,
,,,,,,,,,,,,,,,,,,,,,,
,,,,,,,,,,,,,,,,,,,,,,
,,,,,,,,,,,,,,,,,,,,,,
,,,,,,,,,,,,,,,,,,,,,,
,,,,,,,,,,,,,,,,,,,,,,
,,,,,,,,,,,,,,,,,,,,,,
,,,,,,,,,,,,,,,,,,,,,,
,,,,,,,,,,,,,,,,,,,,,,
,,,,,,,,,,,,,,,,,,,,,,
,,,,,,,,,,,,,,,,,,,,,,
,,,,,,,,,,,,,,,,,,,,,,
,,,,,,,,,,,,,,,,,,,,,,
,,,,,,,,,,,,,,,,,,,,,,
,,,,,,,,,,,,,,,,,,,,,,
,,,,,,,,,,,,,,,,,,,,,,
,,,,,,,,,,,,,,,,,,,,,,
,,,,,,,,,,,,,,,,,,,,,,
,,,,,,,,,,,,,,,,,,,,,,
,,,,,,,,,,,,,,,,,,,,,,
,,,,,,,,,,,,,,,,,,,,,,
,,,,,,,,,,,,,,,,,,,,,,
,,,,,,,,,,,,,,,,,,,,,,
,,,,,,,,,,,,,,,,,,,,,,
,,,,,,,,,,,,,,,,,,,,,,
,,,,,,,,,,,,,,,,,,,,,,
,,,,,,,,,,,,,,,,,,,,,,
,,,,,,,,,,,,,,,,,,,,,,
,,,,,,,,,,,,,,,,,,,,,,
,,,,,,,,,,,,,,,,,,,,,,
,,,,,,,,,,,,,,,,,,,,,,
,,,,,,,,,,,,,,,,,,,,,,
,,,,,,,,,,,,,,,,,,,,,,
,,,,,,,,,,,,,,,,,,,,,,
,,,,,,,,,,,,,,,,,,,,,,
,,,,,,,,,,,,,,,,,,,,,,
,,,,,,,,,,,,,,,,,,,,,,
,,,,,,,,,,,,,,,,,,,,,,
,,,,,,,,,,,,,,,,,,,,,,
,,,,,,,,,,,,,,,,,,,,,,
,,,,,,,,,,,,,,,,,,,,,,
,,,,,,,,,,,,,,,,,,,,,,
,,,,,,,,,,,,,,,,,,,,,,
,,,,,,,,,,,,,,,,,,,,,,
,,,,,,,,,,,,,,,,,,,,,,
,,,,,,,,,,,,,,,,,,,,,,
,,,,,,,,,,,,,,,,,,,,,,
,,,,,,,,,,,,,,,,,,,,,,
,,,,,,,,,,,,,,,,,,,,,,
,,,,,,,,,,,,,,,,,,,,,,
,,,,,,,,,,,,,,,,,,,,,,
,,,,,,,,,,,,,,,,,,,,,,
,,,,,,,,,,,,,,,,,,,,,,
,,,,,,,,,,,,,,,,,,,,,,
,,,,,,,,,,,,,,,,,,,,,,
,,,,,,,,,,,,,,,,,,,,,,
,,,,,,,,,,,,,,,,,,,,,,
,,,,,,,,,,,,,,,,,,,,,,
,,,,,,,,,,,,,,,,,,,,,,
,,,,,,,,,,,,,,,,,,,,,,
,,,,,,,,,,,,,,,,,,,,,,
,,,,,,,,,,,,,,,,,,,,,,
,,,,,,,,,,,,,,,,,,,,,,
,,,,,,,,,,,,,,,,,,,,,,
,,,,,,,,,,,,,,,,,,,,,,
,,,,,,,,,,,,,,,,,,,,,,
,,,,,,,,,,,,,,,,,,,,,,
,,,,,,,,,,,,,,,,,,,,,,
,,,,,,,,,,,,,,,,,,,,,,
,,,,,,,,,,,,,,,,,,,,,,
,,,,,,,,,,,,,,,,,,,,,,
,,,,,,,,,,,,,,,,,,,,,,
,,,,,,,,,,,,,,,,,,,,,,
,,,,,,,,,,,,,,,,,,,,,,
,,,,,,,,,,,,,,,,,,,,,,
,,,,,,,,,,,,,,,,,,,,,,
,,,,,,,,,,,,,,,,,,,,,,
,,,,,,,,,,,,,,,,,,,,,,
,,,,,,,,,,,,,,,,,,,,,,
,,,,,,,,,,,,,,,,,,,,,,
,,,,,,,,,,,,,,,,,,,,,,
,,,,,,,,,,,,,,,,,,,,,,
,,,,,,,,,,,,,,,,,,,,,,
,,,,,,,,,,,,,,,,,,,,,,
,,,,,,,,,,,,,,,,,,,,,,
,,,,,,,,,,,,,,,,,,,,,,
,,,,,,,,,,,,,,,,,,,,,,
,,,,,,,,,,,,,,,,,,,,,,
,,,,,,,,,,,,,,,,,,,,,,
,,,,,,,,,,,,,,,,,,,,,,
,,,,,,,,,,,,,,,,,,,,,,
,,,,,,,,,,,,,,,,,,,,,,
,,,,,,,,,,,,,,,,,,,,,,
,,,,,,,,,,,,,,,,,,,,,,
,,,,,,,,,,,,,,,,,,,,,,
,,,,,,,,,,,,,,,,,,,,,,
,,,,,,,,,,,,,,,,,,,,,,
,,,,,,,,,,,,,,,,,,,,,,
,,,,,,,,,,,,,,,,,,,,,,
,,,,,,,,,,,,,,,,,,,,,,
,,,,,,,,,,,,,,,,,,,,,,
,,,,,,,,,,,,,,,,,,,,,,
,,,,,,,,,,,,,,,,,,,,,,
,,,,,,,,,,,,,,,,,,,,,,
,,,,,,,,,,,,,,,,,,,,,,
,,,,,,,,,,,,,,,,,,,,,,
,,,,,,,,,,,,,,,,,,,,,,
,,,,,,,,,,,,,,,,,,,,,,
,,,,,,,,,,,,,,,,,,,,,,
,,,,,,,,,,,,,,,,,,,,,,
,,,,,,,,,,,,,,,,,,,,,,
,,,,,,,,,,,,,,,,,,,,,,
,,,,,,,,,,,,,,,,,,,,,,
,,,,,,,,,,,,,,,,,,,,,,
,,,,,,,,,,,,,,,,,,,,,,
,,,,,,,,,,,,,,,,,,,,,,
,,,,,,,,,,,,,,,,,,,,,,
,,,,,,,,,,,,,,,,,,,,,,
,,,,,,,,,,,,,,,,,,,,,,
,,,,,,,,,,,,,,,,,,,,,,
,,,,,,,,,,,,,,,,,,,,,,
,,,,,,,,,,,,,,,,,,,,,,
,,,,,,,,,,,,,,,,,,,,,,
,,,,,,,,,,,,,,,,,,,,,,
,,,,,,,,,,,,,,,,,,,,,,
,,,,,,,,,,,,,,,,,,,,,,
,,,,,,,,,,,,,,,,,,,,,,
,,,,,,,,,,,,,,,,,,,,,,
,,,,,,,,,,,,,,,,,,,,,,
,,,,,,,,,,,,,,,,,,,,,,
,,,,,,,,,,,,,,,,,,,,,,
,,,,,,,,,,,,,,,,,,,,,,
,,,,,,,,,,,,,,,,,,,,,,
,,,,,,,,,,,,,,,,,,,,,,
,,,,,,,,,,,,,,,,,,,,,,
,,,,,,,,,,,,,,,,,,,,,,
,,,,,,,,,,,,,,,,,,,,,,
,,,,,,,,,,,,,,,,,,,,,,
,,,,,,,,,,,,,,,,,,,,,,
,,,,,,,,,,,,,,,,,,,,,,
,,,,,,,,,,,,,,,,,,,,,,
,,,,,,,,,,,,,,,,,,,,,,
,,,,,,,,,,,,,,,,,,,,,,
,,,,,,,,,,,,,,,,,,,,,,
,,,,,,,,,,,,,,,,,,,,,,
,,,,,,,,,,,,,,,,,,,,,,
,,,,,,,,,,,,,,,,,,,,,,
,,,,,,,,,,,,,,,,,,,,,,
,,,,,,,,,,,,,,,,,,,,,,
,,,,,,,,,,,,,,,,,,,,,,
,,,,,,,,,,,,,,,,,,,,,,
,,,,,,,,,,,,,,,,,,,,,,
,,,,,,,,,,,,,,,,,,,,,,
,,,,,,,,,,,,,,,,,,,,,,
,,,,,,,,,,,,,,,,,,,,,,
,,,,,,,,,,,,,,,,,,,,,,
,,,,,,,,,,,,,,,,,,,,,,
,,,,,,,,,,,,,,,,,,,,,,
,,,,,,,,,,,,,,,,,,,,,,
,,,,,,,,,,,,,,,,,,,,,,
,,,,,,,,,,,,,,,,,,,,,,
,,,,,,,,,,,,,,,,,,,,,,
,,,,,,,,,,,,,,,,,,,,,,
,,,,,,,,,,,,,,,,,,,,,,
,,,,,,,,,,,,,,,,,,,,,,
,,,,,,,,,,,,,,,,,,,,,,
,,,,,,,,,,,,,,,,,,,,,,
,,,,,,,,,,,,,,,,,,,,,,
,,,,,,,,,,,,,,,,,,,,,,
,,,,,,,,,,,,,,,,,,,,,,
,,,,,,,,,,,,,,,,,,,,,,
,,,,,,,,,,,,,,,,,,,,,,
,,,,,,,,,,,,,,,,,,,,,,
,,,,,,,,,,,,,,,,,,,,,,
,,,,,,,,,,,,,,,,,,,,,,
,,,,,,,,,,,,,,,,,,,,,,
,,,,,,,,,,,,,,,,,,,,,,
,,,,,,,,,,,,,,,,,,,,,,
,,,,,,,,,,,,,,,,,,,,,,
,,,,,,,,,,,,,,,,,,,,,,
,,,,,,,,,,,,,,,,,,,,,,
,,,,,,,,,,,,,,,,,,,,,,
,,,,,,,,,,,,,,,,,,,,,,
,,,,,,,,,,,,,,,,,,,,,,
,,,,,,,,,,,,,,,,,,,,,,
,,,,,,,,,,,,,,,,,,,,,,
,,,,,,,,,,,,,,,,,,,,,,
,,,,,,,,,,,,,,,,,,,,,,
,,,,,,,,,,,,,,,,,,,,,,
,,,,,,,,,,,,,,,,,,,,,,
,,,,,,,,,,,,,,,,,,,,,,
,,,,,,,,,,,,,,,,,,,,,,
,,,,,,,,,,,,,,,,,,,,,,
,,,,,,,,,,,,,,,,,,,,,,
,,,,,,,,,,,,,,,,,,,,,,
,,,,,,,,,,,,,,,,,,,,,,
,,,,,,,,,,,,,,,,,,,,,,
,,,,,,,,,,,,,,,,,,,,,,
,,,,,,,,,,,,,,,,,,,,,,
,,,,,,,,,,,,,,,,,,,,,,
,,,,,,,,,,,,,,,,,,,,,,
,,,,,,,,,,,,,,,,,,,,,,
,,,,,,,,,,,,,,,,,,,,,,
,,,,,,,,,,,,,,,,,,,,,,
,,,,,,,,,,,,,,,,,,,,,,
,,,,,,,,,,,,,,,,,,,,,,
,,,,,,,,,,,,,,,,,,,,,,
,,,,,,,,,,,,,,,,,,,,,,
,,,,,,,,,,,,,,,,,,,,,,
,,,,,,,,,,,,,,,,,,,,,,
,,,,,,,,,,,,,,,,,,,,,,
,,,,,,,,,,,,,,,,,,,,,,
,,,,,,,,,,,,,,,,,,,,,,
,,,,,,,,,,,,,,,,,,,,,,
,,,,,,,,,,,,,,,,,,,,,,
,,,,,,,,,,,,,,,,,,,,,,
,,,,,,,,,,,,,,,,,,,,,,
,,,,,,,,,,,,,,,,,,,,,,
,,,,,,,,,,,,,,,,,,,,,,
,,,,,,,,,,,,,,,,,,,,,,
,,,,,,,,,,,,,,,,,,,,,,
,,,,,,,,,,,,,,,,,,,,,,
,,,,,,,,,,,,,,,,,,,,,,
,,,,,,,,,,,,,,,,,,,,,,
,,,,,,,,,,,,,,,,,,,,,,
,,,,,,,,,,,,,,,,,,,,,,
,,,,,,,,,,,,,,,,,,,,,,
,,,,,,,,,,,,,,,,,,,,,,
,,,,,,,,,,,,,,,,,,,,,,
,,,,,,,,,,,,,,,,,,,,,,
,,,,,,,,,,,,,,,,,,,,,,
,,,,,,,,,,,,,,,,,,,,,,
,,,,,,,,,,,,,,,,,,,,,,
,,,,,,,,,,,,,,,,,,,,,,
,,,,,,,,,,,,,,,,,,,,,,
,,,,,,,,,,,,,,,,,,,,,,
,,,,,,,,,,,,,,,,,,,,,,
,,,,,,,,,,,,,,,,,,,,,,
,,,,,,,,,,,,,,,,,,,,,,
,,,,,,,,,,,,,,,,,,,,,,
,,,,,,,,,,,,,,,,,,,,,,
,,,,,,,,,,,,,,,,,,,,,,
,,,,,,,,,,,,,,,,,,,,,,
,,,,,,,,,,,,,,,,,,,,,,
,,,,,,,,,,,,,,,,,,,,,,
,,,,,,,,,,,,,,,,,,,,,,
,,,,,,,,,,,,,,,,,,,,,,
,,,,,,,,,,,,,,,,,,,,,,
,,,,,,,,,,,,,,,,,,,,,,
,,,,,,,,,,,,,,,,,,,,,,
,,,,,,,,,,,,,,,,,,,,,,
,,,,,,,,,,,,,,,,,,,,,,
,,,,,,,,,,,,,,,,,,,,,,
,,,,,,,,,,,,,,,,,,,,,,
,,,,,,,,,,,,,,,,,,,,,,
,,,,,,,,,,,,,,,,,,,,,,
,,,,,,,,,,,,,,,,,,,,,,
,,,,,,,,,,,,,,,,,,,,,,
,,,,,,,,,,,,,,,,,,,,,,
,,,,,,,,,,,,,,,,,,,,,,
,,,,,,,,,,,,,,,,,,,,,,
,,,,,,,,,,,,,,,,,,,,,,
,,,,,,,,,,,,,,,,,,,,,,
,,,,,,,,,,,,,,,,,,,,,,
,,,,,,,,,,,,,,,,,,,,,,
,,,,,,,,,,,,,,,,,,,,,,
,,,,,,,,,,,,,,,,,,,,,,
,,,,,,,,,,,,,,,,,,,,,,
,,,,,,,,,,,,,,,,,,,,,,
,,,,,,,,,,,,,,,,,,,,,,
,,,,,,,,,,,,,,,,,,,,,,
,,,,,,,,,,,,,,,,,,,,,,
,,,,,,,,,,,,,,,,,,,,,,
,,,,,,,,,,,,,,,,,,,,,,
,,,,,,,,,,,,,,,,,,,,,,
,,,,,,,,,,,,,,,,,,,,,,
,,,,,,,,,,,,,,,,,,,,,,
,,,,,,,,,,,,,,,,,,,,,,
,,,,,,,,,,,,,,,,,,,,,,
,,,,,,,,,,,,,,,,,,,,,,
,,,,,,,,,,,,,,,,,,,,,,
,,,,,,,,,,,,,,,,,,,,,,
,,,,,,,,,,,,,,,,,,,,,,
,,,,,,,,,,,,,,,,,,,,,,
,,,,,,,,,,,,,,,,,,,,,,
,,,,,,,,,,,,,,,,,,,,,,
,,,,,,,,,,,,,,,,,,,,,,
,,,,,,,,,,,,,,,,,,,,,,
,,,,,,,,,,,,,,,,,,,,,,
,,,,,,,,,,,,,,,,,,,,,,
,,,,,,,,,,,,,,,,,,,,,,
,,,,,,,,,,,,,,,,,,,,,,
,,,,,,,,,,,,,,,,,,,,,,
,,,,,,,,,,,,,,,,,,,,,,
,,,,,,,,,,,,,,,,,,,,,,
,,,,,,,,,,,,,,,,,,,,,,
,,,,,,,,,,,,,,,,,,,,,,
,,,,,,,,,,,,,,,,,,,,,,
,,,,,,,,,,,,,,,,,,,,,,
,,,,,,,,,,,,,,,,,,,,,,
,,,,,,,,,,,,,,,,,,,,,,
,,,,,,,,,,,,,,,,,,,,,,
,,,,,,,,,,,,,,,,,,,,,,
,,,,,,,,,,,,,,,,,,,,,,
,,,,,,,,,,,,,,,,,,,,,,
,,,,,,,,,,,,,,,,,,,,,,
,,,,,,,,,,,,,,,,,,,,,,
,,,,,,,,,,,,,,,,,,,,,,
,,,,,,,,,,,,,,,,,,,,,,
,,,,,,,,,,,,,,,,,,,,,,
,,,,,,,,,,,,,,,,,,,,,,
,,,,,,,,,,,,,,,,,,,,,,
,,,,,,,,,,,,,,,,,,,,,,
,,,,,,,,,,,,,,,,,,,,,,
,,,,,,,,,,,,,,,,,,,,,,
,,,,,,,,,,,,,,,,,,,,,,
,,,,,,,,,,,,,,,,,,,,,,
,,,,,,,,,,,,,,,,,,,,,,
,,,,,,,,,,,,,,,,,,,,,,
,,,,,,,,,,,,,,,,,,,,,,
,,,,,,,,,,,,,,,,,,,,,,
,,,,,,,,,,,,,,,,,,,,,,
,,,,,,,,,,,,,,,,,,,,,,
,,,,,,,,,,,,,,,,,,,,,,
,,,,,,,,,,,,,,,,,,,,,,
,,,,,,,,,,,,,,,,,,,,,,
,,,,,,,,,,,,,,,,,,,,,,
,,,,,,,,,,,,,,,,,,,,,,
,,,,,,,,,,,,,,,,,,,,,,
,,,,,,,,,,,,,,,,,,,,,,
,,,,,,,,,,,,,,,,,,,,,,
,,,,,,,,,,,,,,,,,,,,,,
,,,,,,,,,,,,,,,,,,,,,,
,,,,,,,,,,,,,,,,,,,,,,
,,,,,,,,,,,,,,,,,,,,,,
,,,,,,,,,,,,,,,,,,,,,,
,,,,,,,,,,,,,,,,,,,,,,
,,,,,,,,,,,,,,,,,,,,,,
,,,,,,,,,,,,,,,,,,,,,,
,,,,,,,,,,,,,,,,,,,,,,
,,,,,,,,,,,,,,,,,,,,,,
,,,,,,,,,,,,,,,,,,,,,,
,,,,,,,,,,,,,,,,,,,,,,
,,,,,,,,,,,,,,,,,,,,,,
,,,,,,,,,,,,,,,,,,,,,,
,,,,,,,,,,,,,,,,,,,,,,
,,,,,,,,,,,,,,,,,,,,,,
,,,,,,,,,,,,,,,,,,,,,,
,,,,,,,,,,,,,,,,,,,,,,
,,,,,,,,,,,,,,,,,,,,,,
,,,,,,,,,,,,,,,,,,,,,,
,,,,,,,,,,,,,,,,,,,,,,
,,,,,,,,,,,,,,,,,,,,,,
,,,,,,,,,,,,,,,,,,,,,,
,,,,,,,,,,,,,,,,,,,,,,
,,,,,,,,,,,,,,,,,,,,,,
,,,,,,,,,,,,,,,,,,,,,,
,,,,,,,,,,,,,,,,,,,,,,
,,,,,,,,,,,,,,,,,,,,,,
,,,,,,,,,,,,,,,,,,,,,,
,,,,,,,,,,,,,,,,,,,,,,
,,,,,,,,,,,,,,,,,,,,,,
,,,,,,,,,,,,,,,,,,,,,,
,,,,,,,,,,,,,,,,,,,,,,
,,,,,,,,,,,,,,,,,,,,,,
,,,,,,,,,,,,,,,,,,,,,,
,,,,,,,,,,,,,,,,,,,,,,
,,,,,,,,,,,,,,,,,,,,,,
,,,,,,,,,,,,,,,,,,,,,,
,,,,,,,,,,,,,,,,,,,,,,
,,,,,,,,,,,,,,,,,,,,,,
,,,,,,,,,,,,,,,,,,,,,,
,,,,,,,,,,,,,,,,,,,,,,
,,,,,,,,,,,,,,,,,,,,,,
,,,,,,,,,,,,,,,,,,,,,,
,,,,,,,,,,,,,,,,,,,,,,
,,,,,,,,,,,,,,,,,,,,,,
,,,,,,,,,,,,,,,,,,,,,,
,,,,,,,,,,,,,,,,,,,,,,
,,,,,,,,,,,,,,,,,,,,,,
,,,,,,,,,,,,,,,,,,,,,,
,,,,,,,,,,,,,,,,,,,,,,
,,,,,,,,,,,,,,,,,,,,,,
,,,,,,,,,,,,,,,,,,,,,,
,,,,,,,,,,,,,,,,,,,,,,
,,,,,,,,,,,,,,,,,,,,,,
,,,,,,,,,,,,,,,,,,,,,,
,,,,,,,,,,,,,,,,,,,,,,
,,,,,,,,,,,,,,,,,,,,,,
,,,,,,,,,,,,,,,,,,,,,,
,,,,,,,,,,,,,,,,,,,,,,
,,,,,,,,,,,,,,,,,,,,,,
,,,,,,,,,,,,,,,,,,,,,,
,,,,,,,,,,,,,,,,,,,,,,
,,,,,,,,,,,,,,,,,,,,,,
,,,,,,,,,,,,,,,,,,,,,,
,,,,,,,,,,,,,,,,,,,,,,
,,,,,,,,,,,,,,,,,,,,,,
,,,,,,,,,,,,,,,,,,,,,,
,,,,,,,,,,,,,,,,,,,,,,
,,,,,,,,,,,,,,,,,,,,,,
,,,,,,,,,,,,,,,,,,,,,,
,,,,,,,,,,,,,,,,,,,,,,
,,,,,,,,,,,,,,,,,,,,,,
,,,,,,,,,,,,,,,,,,,,,,
,,,,,,,,,,,,,,,,,,,,,,
,,,,,,,,,,,,,,,,,,,,,,
,,,,,,,,,,,,,,,,,,,,,,
,,,,,,,,,,,,,,,,,,,,,,
,,,,,,,,,,,,,,,,,,,,,,
,,,,,,,,,,,,,,,,,,,,,,
,,,,,,,,,,,,,,,,,,,,,,
,,,,,,,,,,,,,,,,,,,,,,
,,,,,,,,,,,,,,,,,,,,,,
,,,,,,,,,,,,,,,,,,,,,,
,,,,,,,,,,,,,,,,,,,,,,
,,,,,,,,,,,,,,,,,,,,,,
,,,,,,,,,,,,,,,,,,,,,,
,,,,,,,,,,,,,,,,,,,,,,
,,,,,,,,,,,,,,,,,,,,,,
,,,,,,,,,,,,,,,,,,,,,,
,,,,,,,,,,,,,,,,,,,,,,
,,,,,,,,,,,,,,,,,,,,,,
,,,,,,,,,,,,,,,,,,,,,,
,,,,,,,,,,,,,,,,,,,,,,
,,,,,,,,,,,,,,,,,,,,,,
,,,,,,,,,,,,,,,,,,,,,,
,,,,,,,,,,,,,,,,,,,,,,
,,,,,,,,,,,,,,,,,,,,,,
,,,,,,,,,,,,,,,,,,,,,,
,,,,,,,,,,,,,,,,,,,,,,
,,,,,,,,,,,,,,,,,,,,,,
,,,,,,,,,,,,,,,,,,,,,,
,,,,,,,,,,,,,,,,,,,,,,
,,,,,,,,,,,,,,,,,,,,,,
,,,,,,,,,,,,,,,,,,,,,,
,,,,,,,,,,,,,,,,,,,,,,
,,,,,,,,,,,,,,,,,,,,,,
,,,,,,,,,,,,,,,,,,,,,,
,,,,,,,,,,,,,,,,,,,,,,
,,,,,,,,,,,,,,,,,,,,,,
,,,,,,,,,,,,,,,,,,,,,,
,,,,,,,,,,,,,,,,,,,,,,
,,,,,,,,,,,,,,,,,,,,,,
,,,,,,,,,,,,,,,,,,,,,,
,,,,,,,,,,,,,,,,,,,,,,
,,,,,,,,,,,,,,,,,,,,,,
,,,,,,,,,,,,,,,,,,,,,,
,,,,,,,,,,,,,,,,,,,,,,
,,,,,,,,,,,,,,,,,,,,,,
,,,,,,,,,,,,,,,,,,,,,,
,,,,,,,,,,,,,,,,,,,,,,
,,,,,,,,,,,,,,,,,,,,,,
,,,,,,,,,,,,,,,,,,,,,,
,,,,,,,,,,,,,,,,,,,,,,
,,,,,,,,,,,,,,,,,,,,,,
,,,,,,,,,,,,,,,,,,,,,,
,,,,,,,,,,,,,,,,,,,,,,
,,,,,,,,,,,,,,,,,,,,,,
,,,,,,,,,,,,,,,,,,,,,,
,,,,,,,,,,,,,,,,,,,,,,
,,,,,,,,,,,,,,,,,,,,,,
,,,,,,,,,,,,,,,,,,,,,,
,,,,,,,,,,,,,,,,,,,,,,
,,,,,,,,,,,,,,,,,,,,,,
,,,,,,,,,,,,,,,,,,,,,,
,,,,,,,,,,,,,,,,,,,,,,
,,,,,,,,,,,,,,,,,,,,,,
,,,,,,,,,,,,,,,,,,,,,,
,,,,,,,,,,,,,,,,,,,,,,
,,,,,,,,,,,,,,,,,,,,,,
,,,,,,,,,,,,,,,,,,,,,,
,,,,,,,,,,,,,,,,,,,,,,
,,,,,,,,,,,,,,,,,,,,,,
,,,,,,,,,,,,,,,,,,,,,,
,,,,,,,,,,,,,,,,,,,,,,
,,,,,,,,,,,,,,,,,,,,,,
,,,,,,,,,,,,,,,,,,,,,,
,,,,,,,,,,,,,,,,,,,,,,
,,,,,,,,,,,,,,,,,,,,,,
,,,,,,,,,,,,,,,,,,,,,,
,,,,,,,,,,,,,,,,,,,,,,
,,,,,,,,,,,,,,,,,,,,,,
,,,,,,,,,,,,,,,,,,,,,,
,,,,,,,,,,,,,,,,,,,,,,
,,,,,,,,,,,,,,,,,,,,,,
,,,,,,,,,,,,,,,,,,,,,,
,,,,,,,,,,,,,,,,,,,,,,
,,,,,,,,,,,,,,,,,,,,,,
,,,,,,,,,,,,,,,,,,,,,,
,,,,,,,,,,,,,,,,,,,,,,
,,,,,,,,,,,,,,,,,,,,,,
,,,,,,,,,,,,,,,,,,,,,,
,,,,,,,,,,,,,,,,,,,,,,
,,,,,,,,,,,,,,,,,,,,,,
,,,,,,,,,,,,,,,,,,,,,,
,,,,,,,,,,,,,,,,,,,,,,
,,,,,,,,,,,,,,,,,,,,,,
,,,,,,,,,,,,,,,,,,,,,,
,,,,,,,,,,,,,,,,,,,,,,
,,,,,,,,,,,,,,,,,,,,,,
,,,,,,,,,,,,,,,,,,,,,,
,,,,,,,,,,,,,,,,,,,,,,
,,,,,,,,,,,,,,,,,,,,,,
,,,,,,,,,,,,,,,,,,,,,,
,,,,,,,,,,,,,,,,,,,,,,
,,,,,,,,,,,,,,,,,,,,,,
,,,,,,,,,,,,,,,,,,,,,,
,,,,,,,,,,,,,,,,,,,,,,
,,,,,,,,,,,,,,,,,,,,,,
,,,,,,,,,,,,,,,,,,,,,,
,,,,,,,,,,,,,,,,,,,,,,
,,,,,,,,,,,,,,,,,,,,,,
,,,,,,,,,,,,,,,,,,,,,,
,,,,,,,,,,,,,,,,,,,,,,
,,,,,,,,,,,,,,,,,,,,,,
,,,,,,,,,,,,,,,,,,,,,,
,,,,,,,,,,,,,,,,,,,,,,
,,,,,,,,,,,,,,,,,,,,,,
,,,,,,,,,,,,,,,,,,,,,,
,,,,,,,,,,,,,,,,,,,,,,
,,,,,,,,,,,,,,,,,,,,,,
,,,,,,,,,,,,,,,,,,,,,,
,,,,,,,,,,,,,,,,,,,,,,
,,,,,,,,,,,,,,,,,,,,,,
,,,,,,,,,,,,,,,,,,,,,,
,,,,,,,,,,,,,,,,,,,,,,
,,,,,,,,,,,,,,,,,,,,,,
,,,,,,,,,,,,,,,,,,,,,,
,,,,,,,,,,,,,,,,,,,,,,
,,,,,,,,,,,,,,,,,,,,,,
,,,,,,,,,,,,,,,,,,,,,,
,,,,,,,,,,,,,,,,,,,,,,
,,,,,,,,,,,,,,,,,,,,,,
,,,,,,,,,,,,,,,,,,,,,,
,,,,,,,,,,,,,,,,,,,,,,
,,,,,,,,,,,,,,,,,,,,,,
,,,,,,,,,,,,,,,,,,,,,,
,,,,,,,,,,,,,,,,,,,,,,
,,,,,,,,,,,,,,,,,,,,,,
,,,,,,,,,,,,,,,,,,,,,,
,,,,,,,,,,,,,,,,,,,,,,
,,,,,,,,,,,,,,,,,,,,,,
,,,,,,,,,,,,,,,,,,,,,,
,,,,,,,,,,,,,,,,,,,,,,
,,,,,,,,,,,,,,,,,,,,,,
,,,,,,,,,,,,,,,,,,,,,,
,,,,,,,,,,,,,,,,,,,,,,
,,,,,,,,,,,,,,,,,,,,,,
,,,,,,,,,,,,,,,,,,,,,,
,,,,,,,,,,,,,,,,,,,,,,
,,,,,,,,,,,,,,,,,,,,,,
,,,,,,,,,,,,,,,,,,,,,,
,,,,,,,,,,,,,,,,,,,,,,
,,,,,,,,,,,,,,,,,,,,,,
,,,,,,,,,,,,,,,,,,,,,,
,,,,,,,,,,,,,,,,,,,,,,
,,,,,,,,,,,,,,,,,,,,,,
,,,,,,,,,,,,,,,,,,,,,,
,,,,,,,,,,,,,,,,,,,,,,
,,,,,,,,,,,,,,,,,,,,,,
,,,,,,,,,,,,,,,,,,,,,,
,,,,,,,,,,,,,,,,,,,,,,
,,,,,,,,,,,,,,,,,,,,,,
,,,,,,,,,,,,,,,,,,,,,,
,,,,,,,,,,,,,,,,,,,,,,
,,,,,,,,,,,,,,,,,,,,,,
,,,,,,,,,,,,,,,,,,,,,,
,,,,,,,,,,,,,,,,,,,,,,
,,,,,,,,,,,,,,,,,,,,,,
,,,,,,,,,,,,,,,,,,,,,,
,,,,,,,,,,,,,,,,,,,,,,
,,,,,,,,,,,,,,,,,,,,,,
,,,,,,,,,,,,,,,,,,,,,,
,,,,,,,,,,,,,,,,,,,,,,
,,,,,,,,,,,,,,,,,,,,,,
,,,,,,,,,,,,,,,,,,,,,,
,,,,,,,,,,,,,,,,,,,,,,
,,,,,,,,,,,,,,,,,,,,,,
,,,,,,,,,,,,,,,,,,,,,,
,,,,,,,,,,,,,,,,,,,,,,
,,,,,,,,,,,,,,,,,,,,,,
,,,,,,,,,,,,,,,,,,,,,,
,,,,,,,,,,,,,,,,,,,,,,
,,,,,,,,,,,,,,,,,,,,,,
,,,,,,,,,,,,,,,,,,,,,,
,,,,,,,,,,,,,,,,,,,,,,
,,,,,,,,,,,,,,,,,,,,,,
,,,,,,,,,,,,,,,,,,,,,,
,,,,,,,,,,,,,,,,,,,,,,
,,,,,,,,,,,,,,,,,,,,,,
,,,,,,,,,,,,,,,,,,,,,,
,,,,,,,,,,,,,,,,,,,,,,
,,,,,,,,,,,,,,,,,,,,,,
,,,,,,,,,,,,,,,,,,,,,,
,,,,,,,,,,,,,,,,,,,,,,
,,,,,,,,,,,,,,,,,,,,,,
,,,,,,,,,,,,,,,,,,,,,,
,,,,,,,,,,,,,,,,,,,,,,
,,,,,,,,,,,,,,,,,,,,,,
,,,,,,,,,,,,,,,,,,,,,,
,,,,,,,,,,,,,,,,,,,,,,
,,,,,,,,,,,,,,,,,,,,,,
,,,,,,,,,,,,,,,,,,,,,,
,,,,,,,,,,,,,,,,,,,,,,
,,,,,,,,,,,,,,,,,,,,,,
,,,,,,,,,,,,,,,,,,,,,,
,,,,,,,,,,,,,,,,,,,,,,
,,,,,,,,,,,,,,,,,,,,,,
,,,,,,,,,,,,,,,,,,,,,,
,,,,,,,,,,,,,,,,,,,,,,
,,,,,,,,,,,,,,,,,,,,,,
,,,,,,,,,,,,,,,,,,,,,,
,,,,,,,,,,,,,,,,,,,,,,
,,,,,,,,,,,,,,,,,,,,,,
,,,,,,,,,,,,,,,,,,,,,,
,,,,,,,,,,,,,,,,,,,,,,
,,,,,,,,,,,,,,,,,,,,,,
,,,,,,,,,,,,,,,,,,,,,,
,,,,,,,,,,,,,,,,,,,,,,
,,,,,,,,,,,,,,,,,,,,,,
,,,,,,,,,,,,,,,,,,,,,,
,,,,,,,,,,,,,,,,,,,,,,
,,,,,,,,,,,,,,,,,,,,,,
,,,,,,,,,,,,,,,,,,,,,,
,,,,,,,,,,,,,,,,,,,,,,
,,,,,,,,,,,,,,,,,,,,,,
,,,,,,,,,,,,,,,,,,,,,,
,,,,,,,,,,,,,,,,,,,,,,
,,,,,,,,,,,,,,,,,,,,,,
,,,,,,,,,,,,,,,,,,,,,,
,,,,,,,,,,,,,,,,,,,,,,
,,,,,,,,,,,,,,,,,,,,,,
,,,,,,,,,,,,,,,,,,,,,,
,,,,,,,,,,,,,,,,,,,,,,
,,,,,,,,,,,,,,,,,,,,,,
,,,,,,,,,,,,,,,,,,,,,,
,,,,,,,,,,,,,,,,,,,,,,
,,,,,,,,,,,,,,,,,,,,,,
,,,,,,,,,,,,,,,,,,,,,,
,,,,,,,,,,,,,,,,,,,,,,
,,,,,,,,,,,,,,,,,,,,,,
,,,,,,,,,,,,,,,,,,,,,,
,,,,,,,,,,,,,,,,,,,,,,
,,,,,,,,,,,,,,,,,,,,,,
,,,,,,,,,,,,,,,,,,,,,,
,,,,,,,,,,,,,,,,,,,,,,
,,,,,,,,,,,,,,,,,,,,,,
,,,,,,,,,,,,,,,,,,,,,,
,,,,,,,,,,,,,,,,,,,,,,
,,,,,,,,,,,,,,,,,,,,,,
,,,,,,,,,,,,,,,,,,,,,,
,,,,,,,,,,,,,,,,,,,,,,
,,,,,,,,,,,,,,,,,,,,,,
,,,,,,,,,,,,,,,,,,,,,,
,,,,,,,,,,,,,,,,,,,,,,
,,,,,,,,,,,,,,,,,,,,,,
,,,,,,,,,,,,,,,,,,,,,,
,,,,,,,,,,,,,,,,,,,,,,
,,,,,,,,,,,,,,,,,,,,,,
,,,,,,,,,,,,,,,,,,,,,,
,,,,,,,,,,,,,,,,,,,,,,
,,,,,,,,,,,,,,,,,,,,,,
,,,,,,,,,,,,,,,,,,,,,,
,,,,,,,,,,,,,,,,,,,,,,
,,,,,,,,,,,,,,,,,,,,,,
,,,,,,,,,,,,,,,,,,,,,,
,,,,,,,,,,,,,,,,,,,,,,
,,,,,,,,,,,,,,,,,,,,,,
,,,,,,,,,,,,,,,,,,,,,,
,,,,,,,,,,,,,,,,,,,,,,
,,,,,,,,,,,,,,,,,,,,,,
,,,,,,,,,,,,,,,,,,,,,,
,,,,,,,,,,,,,,,,,,,,,,
,,,,,,,,,,,,,,,,,,,,,,
,,,,,,,,,,,,,,,,,,,,,,
,,,,,,,,,,,,,,,,,,,,,,
,,,,,,,,,,,,,,,,,,,,,,
,,,,,,,,,,,,,,,,,,,,,,
,,,,,,,,,,,,,,,,,,,,,,
,,,,,,,,,,,,,,,,,,,,,,
,,,,,,,,,,,,,,,,,,,,,,
,,,,,,,,,,,,,,,,,,,,,,
,,,,,,,,,,,,,,,,,,,,,,
,,,,,,,,,,,,,,,,,,,,,,
,,,,,,,,,,,,,,,,,,,,,,
,,,,,,,,,,,,,,,,,,,,,,
,,,,,,,,,,,,,,,,,,,,,,
,,,,,,,,,,,,,,,,,,,,,,
,,,,,,,,,,,,,,,,,,,,,,
,,,,,,,,,,,,,,,,,,,,,,
,,,,,,,,,,,,,,,,,,,,,,
,,,,,,,,,,,,,,,,,,,,,,
,,,,,,,,,,,,,,,,,,,,,,
,,,,,,,,,,,,,,,,,,,,,,
,,,,,,,,,,,,,,,,,,,,,,
,,,,,,,,,,,,,,,,,,,,,,
,,,,,,,,,,,,,,,,,,,,,,
,,,,,,,,,,,,,,,,,,,,,,
,,,,,,,,,,,,,,,,,,,,,,
,,,,,,,,,,,,,,,,,,,,,,
,,,,,,,,,,,,,,,,,,,,,,
,,,,,,,,,,,,,,,,,,,,,,
,,,,,,,,,,,,,,,,,,,,,,
,,,,,,,,,,,,,,,,,,,,,,
,,,,,,,,,,,,,,,,,,,,,,
,,,,,,,,,,,,,,,,,,,,,,
,,,,,,,,,,,,,,,,,,,,,,
,,,,,,,,,,,,,,,,,,,,,,
,,,,,,,,,,,,,,,,,,,,,,
,,,,,,,,,,,,,,,,,,,,,,
,,,,,,,,,,,,,,,,,,,,,,
,,,,,,,,,,,,,,,,,,,,,,
,,,,,,,,,,,,,,,,,,,,,,
,,,,,,,,,,,,,,,,,,,,,,
,,,,,,,,,,,,,,,,,,,,,,
,,,,,,,,,,,,,,,,,,,,,,
,,,,,,,,,,,,,,,,,,,,,,
,,,,,,,,,,,,,,,,,,,,,,
,,,,,,,,,,,,,,,,,,,,,,
,,,,,,,,,,,,,,,,,,,,,,
,,,,,,,,,,,,,,,,,,,,,,
,,,,,,,,,,,,,,,,,,,,,,
,,,,,,,,,,,,,,,,,,,,,,
,,,,,,,,,,,,,,,,,,,,,,
,,,,,,,,,,,,,,,,,,,,,,
,,,,,,,,,,,,,,,,,,,,,,
,,,,,,,,,,,,,,,,,,,,,,
,,,,,,,,,,,,,,,,,,,,,,
,,,,,,,,,,,,,,,,,,,,,,
,,,,,,,,,,,,,,,,,,,,,,
,,,,,,,,,,,,,,,,,,,,,,
,,,,,,,,,,,,,,,,,,,,,,
,,,,,,,,,,,,,,,,,,,,,,
,,,,,,,,,,,,,,,,,,,,,,
,,,,,,,,,,,,,,,,,,,,,,
,,,,,,,,,,,,,,,,,,,,,,
,,,,,,,,,,,,,,,,,,,,,,
,,,,,,,,,,,,,,,,,,,,,,
,,,,,,,,,,,,,,,,,,,,,,
,,,,,,,,,,,,,,,,,,,,,,
,,,,,,,,,,,,,,,,,,,,,,
,,,,,,,,,,,,,,,,,,,,,,
,,,,,,,,,,,,,,,,,,,,,,
,,,,,,,,,,,,,,,,,,,,,,
,,,,,,,,,,,,,,,,,,,,,,
,,,,,,,,,,,,,,,,,,,,,,
,,,,,,,,,,,,,,,,,,,,,,
,,,,,,,,,,,,,,,,,,,,,,
,,,,,,,,,,,,,,,,,,,,,,
,,,,,,,,,,,,,,,,,,,,,,
,,,,,,,,,,,,,,,,,,,,,,
,,,,,,,,,,,,,,,,,,,,,,
,,,,,,,,,,,,,,,,,,,,,,
,,,,,,,,,,,,,,,,,,,,,,
,,,,,,,,,,,,,,,,,,,,,,
,,,,,,,,,,,,,,,,,,,,,,
,,,,,,,,,,,,,,,,,,,,,,
,,,,,,,,,,,,,,,,,,,,,,
,,,,,,,,,,,,,,,,,,,,,,
,,,,,,,,,,,,,,,,,,,,,,
,,,,,,,,,,,,,,,,,,,,,,
,,,,,,,,,,,,,,,,,,,,,,
,,,,,,,,,,,,,,,,,,,,,,
,,,,,,,,,,,,,,,,,,,,,,
,,,,,,,,,,,,,,,,,,,,,,
,,,,,,,,,,,,,,,,,,,,,,
,,,,,,,,,,,,,,,,,,,,,,
,,,,,,,,,,,,,,,,,,,,,,
,,,,,,,,,,,,,,,,,,,,,,
,,,,,,,,,,,,,,,,,,,,,,
,,,,,,,,,,,,,,,,,,,,,,
,,,,,,,,,,,,,,,,,,,,,,
,,,,,,,,,,,,,,,,,,,,,,
,,,,,,,,,,,,,,,,,,,,,,
,,,,,,,,,,,,,,,,,,,,,,
,,,,,,,,,,,,,,,,,,,,,,
,,,,,,,,,,,,,,,,,,,,,,
,,,,,,,,,,,,,,,,,,,,,,
,,,,,,,,,,,,,,,,,,,,,,
,,,,,,,,,,,,,,,,,,,,,,
,,,,,,,,,,,,,,,,,,,,,,
,,,,,,,,,,,,,,,,,,,,,,
,,,,,,,,,,,,,,,,,,,,,,
,,,,,,,,,,,,,,,,,,,,,,
,,,,,,,,,,,,,,,,,,,,,,
,,,,,,,,,,,,,,,,,,,,,,
,,,,,,,,,,,,,,,,,,,,,,
,,,,,,,,,,,,,,,,,,,,,,
,,,,,,,,,,,,,,,,,,,,,,
,,,,,,,,,,,,,,,,,,,,,,
,,,,,,,,,,,,,,,,,,,,,,
,,,,,,,,,,,,,,,,,,,,,,
,,,,,,,,,,,,,,,,,,,,,,
,,,,,,,,,,,,,,,,,,,,,,
,,,,,,,,,,,,,,,,,,,,,,
,,,,,,,,,,,,,,,,,,,,,,
,,,,,,,,,,,,,,,,,,,,,,
,,,,,,,,,,,,,,,,,,,,,,
,,,,,,,,,,,,,,,,,,,,,,
,,,,,,,,,,,,,,,,,,,,,,
,,,,,,,,,,,,,,,,,,,,,,
,,,,,,,,,,,,,,,,,,,,,,
,,,,,,,,,,,,,,,,,,,,,,
,,,,,,,,,,,,,,,,,,,,,,
,,,,,,,,,,,,,,,,,,,,,,
,,,,,,,,,,,,,,,,,,,,,,
,,,,,,,,,,,,,,,,,,,,,,
,,,,,,,,,,,,,,,,,,,,,,
,,,,,,,,,,,,,,,,,,,,,,
,,,,,,,,,,,,,,,,,,,,,,
